model_sel,sample_id,plaintext,req_inject_byte_pos,actual_inject_en,actual_inject_byte_pos,fault_val,fault_hw,dfa_valid,fault_mask,correct_cipher,fault_cipher,diff,diff_nonzero_count,diff_byte_mask,first_diff_byte
0,0,00112233445566778899aabbccddeeff,3,1,3,24,2,1,00000000000000000000000024000000,8df4e9aac5c7573a27d8d055d6e4d64b,8df4e9c7c5c7a53a271dd055d7e4d64b,0000006d0000f20000c5000001000000,4,1248,3
0,1,00112233445566778899aabbccddef00,11,1,11,24,2,1,00000000240000000000000000000000,c4b47123e73eadfaf5080c62c40d7e71,c4ef7123f43eadfaf5080c63c40d8c71,005b000013000000000000010000f200,4,4812,1
0,2,00112233445566778899aabbccddef01,4,1,4,24,2,1,00000000000000000000002400000000,726446284320424e9dfde3b5416de1bb,7264bf284306424edefde3b5416de136,0000f90000260000430000000000008d,4,2481,0
0,3,00112233445566778899aabbccddef02,6,1,6,a8,3,1,000000000000000000a8000000000000,9a43d7aa8b0872452f62dfa88db51cae,9a4386aa8b4072459762dfa88db51c56,0000510000480000b8000000000000f8,4,2481,0
0,4,00112233445566778899aabbccddef03,5,1,5,60,2,1,00000000000000000000600000000000,6aedfa5a50c29d250e0598c8592d0cc2,6aeda05a50769d259d0598c8592d0c68,00005a0000b4000093000000000000aa,4,2481,0
0,5,00112233445566778899aabbccddef04,1,1,1,80,1,1,00000000000000000000000000008000,044aa33faa34e887fc5755d080e62fdf,044aa3c3aa343187fc6f55d0ffe62fdf,000000fc0000d900003800007f000000,4,1248,3
0,6,00112233445566778899aabbccddef05,3,1,3,1a,3,1,0000000000000000000000001a000000,158b7fc5a111acd871b0071cf9cc2804,158b7ff6a111bed871c6071c92cc2804,0000003300001200007600006b000000,4,1248,3
0,7,00112233445566778899aabbccddef06,8,1,8,01,1,1,00000000000000010000000000000000,da4e180e1e4461cfb8c7cace5bcf3b26,dab4180e374461cfb8c7ca945bcfc426,00fa0000290000000000005a0000ff00,4,4812,1
0,8,00112233445566778899aabbccddef07,13,1,13,03,2,1,00000300000000000000000000000000,58f2062b1604e7fc167402c172aa9f5f,f2f2062b1604e762167432c172939f5f,aa0000000000009e0000300000390000,4,8124,2
0,9,00112233445566778899aabbccddef08,7,1,7,28,2,1,00000000000000002800000000000000,62b1f6b3b2db82f9a7a69cf03745d571,62b19fb3b24f82f909a69cf03745d53b,0000690000940000ae0000000000004a,4,2481,0
0,10,00112233445566778899aabbccddef09,15,1,15,a8,3,1,a8000000000000000000000000000000,3610ff29d60d8269bcc9f2e107833203,7e10ff29d60d8293bcc945e107533203,48000000000000fa0000b70000d00000,4,8124,2
0,11,00112233445566778899aabbccddef0a,2,1,2,80,1,1,00000000000000000000000000800000,a73e5320b98ac82c343025ceeb50cd4d,a73e5358b98a432c34de25cef150cd4d,0000007800008b0000ee00001a000000,4,1248,3
0,12,00112233445566778899aabbccddef0b,8,1,8,0a,2,1,000000000000000a0000000000000000,6a454ebaa76551d3bf14416a02049b60,6ace4eba4d6551d3bf14416302041860,008b0000ea0000000000000900008300,4,4812,1
0,13,00112233445566778899aabbccddef0c,2,1,2,03,2,1,00000000000000000000000000030000,1a746f5d510a3db6a64a1334d85814fd,1a746f3a510abfb6a62d1334bf5814fd,00000067000082000067000067000000,4,1248,3
0,14,00112233445566778899aabbccddef0d,10,1,10,50,2,1,00000000005000000000000000000000,291aeafeb41686cf3e0c6a6e9f07a946,29e1eafed81686cf3e0c6ae29f07ba46,00fb00006c0000000000008c00001300,4,4812,1
0,15,00112233445566778899aabbccddef0e,5,1,5,48,2,1,00000000000000000000480000000000,ac78f24911c031ba42f1c15134d38509,ac785249114131baf3f1c15134d3854b,0000a00000810000b100000000000042,4,2481,0
0,16,00112233445566778899aabbccddef0f,9,1,9,50,2,1,00000000000050000000000000000000,5400a4bc70305f0239220b22e7dfb5e0,546ba4bcf4305f0239220b21e7df2de0,006b0000840000000000000300009800,4,4812,1
0,17,00112233445566778899aabbccddef10,9,1,9,14,2,1,00000000000014000000000000000000,d40b374a40c51f3f55207abfd430fdf7,d47c374a47c51f3f55207a8fd43077f7,00770000070000000000003000008a00,4,4812,1
0,18,00112233445566778899aabbccddef11,7,1,7,0b,3,1,00000000000000000b00000000000000,497040958c1bc99e2f9455ff98051b6d,497089958cfec99ecc9455ff98051bbd,0000c90000e50000e3000000000000d0,4,2481,0
0,19,00112233445566778899aabbccddef12,1,1,1,68,3,1,00000000000000000000000000006800,e5642d2473f63c60e23fb3c7d2e4460a,e5642dee73f67d60e2b8b3c7dfe4460a,000000ca00004100008700000d000000,4,1248,3
0,20,00112233445566778899aabbccddef13,11,1,11,06,2,1,00000000060000000000000000000000,a1672ddde52c8bf5a635cbbacab214ce,a1b32ddde62c8bf5a635cb32cab22fce,00d40000030000000000008800003b00,4,4812,1
0,21,00112233445566778899aabbccddef14,2,1,2,0b,3,1,000000000000000000000000000b0000,98c0153f1c0587dd14903c297bbe5e48,98c015b11c05a7dd14e83c29e8be5e48,0000008e000020000078000093000000,4,1248,3
0,22,00112233445566778899aabbccddef15,7,1,7,06,2,1,00000000000000000600000000000000,6754a9feb99ddb2f06adf784d37beccb,6754fbfeb949db2f84adf784d37becf0,0000520000d40000820000000000003b,4,2481,0
0,23,00112233445566778899aabbccddef16,4,1,4,11,2,1,00000000000000000000001100000000,eb92053af5fa8dbe7c94037349b472c5,eb92ca3af5908dbea294037349b47235,0000cf00006a0000de000000000000f0,4,2481,0
0,24,00112233445566778899aabbccddef17,11,1,11,8a,3,1,000000008a0000000000000000000000,ef227d6cc8e068925ee85f58f56bac56,eff07d6ca6e068925ee85fb5f56bb156,00d200006e000000000000ed00001d00,4,4812,1
0,25,00112233445566778899aabbccddef18,14,1,14,80,1,1,00800000000000000000000000000000,929278b8a5e6ddd1b6931d4957ce5681,ec9278b8a5e6dd94b693f74957185681,7e000000000000450000ea0000d60000,4,8124,2
0,26,00112233445566778899aabbccddef19,6,1,6,2c,3,1,0000000000000000002c000000000000,c069082254f93d8f3c512860615852a7,c0693c2254703d8f9b51286061585299,0000340000890000a70000000000003e,4,2481,0
0,27,00112233445566778899aabbccddef1a,7,1,7,1a,3,1,00000000000000001a00000000000000,44a33f523ec86f1342431e0eab925917,44a338523efc6f138f431e0eab92591a,0000070000340000cd0000000000000d,4,2481,0
0,28,00112233445566778899aabbccddef1b,0,1,0,48,2,1,00000000000000000000000000000048,27184fe879738f9f15a1bfffd996ed2b,27184f307973d19f15b7bfff9996ed2b,000000d800005e000016000040000000,4,1248,3
0,29,00112233445566778899aabbccddef1c,13,1,13,a8,3,1,0000a800000000000000000000000000,bb4a9c243e9d0b7f35d130874d74c1eb,454a9c243e9d0b7a35d1fb874d20c1eb,fe000000000000050000cb0000540000,4,8124,2
0,30,00112233445566778899aabbccddef1d,11,1,11,0b,3,1,000000000b0000000000000000000000,fbb60b2e2e34c15607ae73fbf1d61f9f,fb960b2eed34c15607ae73e9f1d6ab9f,00200000c3000000000000120000b400,4,4812,1
0,31,00112233445566778899aabbccddef1e,12,1,12,0b,3,1,0000000b000000000000000000000000,41804b43e6f63a54a9ec4866dfc19d24,8c804b43e6f63a17a9ec1866dfe19d24,cd000000000000430000500000200000,4,8124,2
0,32,00112233445566778899aabbccddef1f,11,1,11,80,1,1,00000000800000000000000000000000,e1b46d3c2c9b119e2ab129262daf339b,e1d26d3c0e9b119e2ab129bf2daf0a9b,00660000220000000000009900003900,4,4812,1
0,33,00112233445566778899aabbccddef20,1,1,1,01,1,1,00000000000000000000000000000100,6f1ff61766e6061264a7c5b7cd8d0025,6f1ff64e66e6211264c7c5b7c18d0025,0000005900002700006000000c000000,4,1248,3
0,34,00112233445566778899aabbccddef21,3,1,3,11,2,1,00000000000000000000000011000000,cdaedf7ca70e295fdd90667666a857e9,cdaedf4da70e455fdd5866769aa857e9,0000003100006c0000c80000fc000000,4,1248,3
0,35,00112233445566778899aabbccddef22,12,1,12,48,2,1,00000048000000000000000000000000,f9f53577bbda4e1951e0f2b27eb87901,22f53577bbda4ee651e044b27e6d7901,db000000000000ff0000b60000d50000,4,8124,2
0,36,00112233445566778899aabbccddef23,14,1,14,16,3,1,00160000000000000000000000000000,4b95f9d793fee52266df59323824686b,6595f9d793fee52466df033238e3686b,2e0000000000000600005a0000c70000,4,8124,2
0,37,00112233445566778899aabbccddef24,14,1,14,24,2,1,00240000000000000000000000000000,7b4caf3a85efea4fde7e329d75f3323a,7a4caf3a85efea98de7eea9d757e323a,01000000000000d70000d800008d0000,4,8124,2
0,38,00112233445566778899aabbccddef25,8,1,8,48,2,1,00000000000000480000000000000000,d30da79e20ff062bd9529affdaa7d98c,d3a0a79ec3ff062bd9529a5bdaa7308c,00ad0000e3000000000000a40000e900,4,4812,1
0,39,00112233445566778899aabbccddef26,10,1,10,88,2,1,00000000008800000000000000000000,93f4c259c08c062d5f476d021a8eb415,9376c259e78c062d5f476d8e1a8ec515,00820000270000000000008c00007100,4,4812,1
0,40,00112233445566778899aabbccddef27,0,1,0,88,2,1,00000000000000000000000000000088,ad976d32ed7679f47f6c59f4252fdff0,ad976d43ed7613f47f5e59f41a2fdff0,0000007100006a00003200003f000000,4,1248,3
0,41,00112233445566778899aabbccddef28,11,1,11,a8,3,1,00000000a80000000000000000000000,eacb743d704fdc749b1fb3ff4e8eb65f,eab4743da94fdc749b1fb3194e8e495f,007f0000d9000000000000e60000ff00,4,4812,1
0,42,00112233445566778899aabbccddef29,6,1,6,48,2,1,00000000000000000048000000000000,70817be7592c4fb63a780ca9f32d3983,708132e759e94fb641780ca9f32d39d8,0000490000c500007b0000000000005b,4,2481,0
0,43,00112233445566778899aabbccddef2a,14,1,14,4a,3,1,004a0000000000000000000000000000,7c33b3c5f28905dd8115452b9bff610a,4233b3c5f28905208115242b9ba7610a,3e000000000000fd0000610000580000,4,8124,2
0,44,00112233445566778899aabbccddef2b,9,1,9,14,2,1,00000000000014000000000000000000,812dd821d2183fd2df7611610aad9ece,8191d8219a183fd2df7611c20aad46ce,00bc000048000000000000a30000d800,4,4812,1
0,45,00112233445566778899aabbccddef2c,14,1,14,8a,3,1,008a0000000000000000000000000000,78f30fe3242c9ce8e0dcbee83d4b4bc3,57f30fe3242c9c89e0dc81e83d9b4bc3,2f0000000000006100003f0000d00000,4,8124,2
0,46,00112233445566778899aabbccddef2d,8,1,8,0b,3,1,000000000000000b0000000000000000,d4484e41dd88ecc57b1de13c5c3b5e84,d4854e41a988ecc57b1de1595c3bf084,00cd000074000000000000650000ae00,4,4812,1
0,47,00112233445566778899aabbccddef2e,9,1,9,c0,2,1,000000000000c0000000000000000000,7e6f1ec4f7fde4199437f6b5c5359482,7e7e1ec44bfde4199437f6aec535ba82,00110000bc0000000000001b00002e00,4,4812,1
0,48,00112233445566778899aabbccddef2f,9,1,9,80,1,1,00000000000080000000000000000000,92d6e17a1c0931fb37027fa11ea7cc2d,92d7e17a5f0931fb37027f8b1ea7fe2d,00010000430000000000002a00003200,4,4812,1
0,49,00112233445566778899aabbccddef30,14,1,14,c0,2,1,00c00000000000000000000000000000,f524ab0d0bb76114e36a2c253643923e,3e24ab0d0bb7615ce36a2e2536e9923e,cb000000000000480000020000aa0000,4,8124,2
0,50,00112233445566778899aabbccddef31,8,1,8,48,2,1,00000000000000480000000000000000,37ce5db4ba9c65747750c7119a79a6ae,37375db40f9c65747750c7559a79f8ae,00f90000b50000000000004400005e00,4,4812,1
0,51,00112233445566778899aabbccddef32,2,1,2,64,3,1,00000000000000000000000000640000,436a200f03705c4546bba8ace86285c5,436a20fd03703a454628a8ac716285c5,000000f2000066000093000099000000,4,1248,3
0,52,00112233445566778899aabbccddef33,12,1,12,24,2,1,00000024000000000000000000000000,2e5d2020e01c758f9455dfec59b130dc,e45d2020e01c75dc9455aaec595a30dc,ca000000000000530000750000eb0000,4,8124,2
0,53,00112233445566778899aabbccddef34,0,1,0,03,2,1,00000000000000000000000000000003,a6f5e5f6628a02e614082fdc53a417a6,a6f5e5bc628a22e614f72fdc13a417a6,0000004a0000200000ff000040000000,4,1248,3
0,54,00112233445566778899aabbccddef35,12,1,12,4a,3,1,0000004a000000000000000000000000,0a8a8f499cb66dcf2ac2b58424bebc91,d48a8f499cb66d772ac26784248fbc91,de000000000000b80000d20000310000,4,8124,2
0,55,00112233445566778899aabbccddef36,5,1,5,0a,2,1,000000000000000000000a0000000000,28c22d848d6fb1238640e63f64a4faa2,28c22e848d9db1238240e63f64a4fa26,0000030000f200000400000000000084,4,2481,0
0,56,00112233445566778899aabbccddef37,15,1,15,24,2,1,24000000000000000000000000000000,cdab73f91be6ed109791890f7d84166e,40ab73f91be6eda39791160f7d41166e,8d000000000000b300009f0000c50000,4,8124,2
0,57,00112233445566778899aabbccddef38,4,1,4,c0,2,1,0000000000000000000000c000000000,b3c08ac300ea133a2e8e204246890e27,b3c0b1c30062133a3a8e204246890ec1,00003b000088000014000000000000e6,4,2481,0
0,58,00112233445566778899aabbccddef39,8,1,8,14,2,1,00000000000000140000000000000000,6f2ad4478d14e48481a221e644a4e297,6fb2d4478614e48481a2212144a40a97,009800000b000000000000c70000e800,4,4812,1
0,59,00112233445566778899aabbccddef3a,11,1,11,11,2,1,00000000110000000000000000000000,fef992639efd38ed3aed42e00b2c8d7d,fe38926388fd38ed3aed42090b2cc17d,00c1000016000000000000e900004c00,4,4812,1
0,60,00112233445566778899aabbccddef3b,4,1,4,88,2,1,00000000000000000000008800000000,140535f82f5f3c1c51ab33307e854fa0,1405b0f82ff33c1c73ab33307e854f42,0000850000ac000022000000000000e2,4,2481,0
0,61,00112233445566778899aabbccddef3c,4,1,4,11,2,1,00000000000000000000001100000000,09f7a122060b4e7ca7eeaa1821a80300,09f7c522060c4e7c46eeaa1821a80332,0000640000070000e100000000000032,4,2481,0
0,62,00112233445566778899aabbccddef3d,1,1,1,88,2,1,00000000000000000000000000008800,2757519d7e92521496c3958d0a13c708,275751797e92241496c9958d3a13c708,000000e400007600000a000030000000,4,1248,3
0,63,00112233445566778899aabbccddef3e,3,1,3,06,2,1,00000000000000000000000006000000,b2f97f5a341f0676f221e2fd0ca1df6a,b2f97f03341f3d76f2e0e2fdfda1df6a,0000005900003b0000c10000f1000000,4,1248,3
0,64,00112233445566778899aabbccddef3f,8,1,8,68,3,1,00000000000000680000000000000000,4abc3918beaf239e37b8ce6bec92cb97,4ad13918cbaf239e37b8cefaec92ab97,006d0000750000000000009100006000,4,4812,1
0,65,00112233445566778899aabbccddef40,9,1,9,11,2,1,00000000000011000000000000000000,b31acd06c1727b69779f9f35b1b0ade0,b37dcd062d727b69779f9fccb1b06ae0,00670000ec000000000000f90000c700,4,4812,1
0,66,00112233445566778899aabbccddef41,15,1,15,88,2,1,88000000000000000000000000000000,ecaa111a48373c6b27721f731ca156e5,e3aa111a48373ce527726b731cd456e5,0f0000000000008e0000740000750000,4,8124,2
0,67,00112233445566778899aabbccddef42,12,1,12,06,2,1,00000006000000000000000000000000,e10dcf4a03b8b79aaaf813831e6c932e,e40dcf4a03b8b790aaf874831e37932e,050000000000000a00006700005b0000,4,8124,2
0,68,00112233445566778899aabbccddef43,13,1,13,50,2,1,00005000000000000000000000000000,38ba21d812333896893f5bb877b567f7,96ba21d81233389d893fd6b8779767f7,ae0000000000000b00008d0000220000,4,8124,2
0,69,00112233445566778899aabbccddef44,0,1,0,64,3,1,00000000000000000000000000000064,ee60c3c811b92efb234905f4d15b758a,ee60c3c211b906fb234005f4295b758a,0000000a0000280000090000f8000000,4,1248,3
0,70,00112233445566778899aabbccddef45,0,1,0,c0,2,1,000000000000000000000000000000c0,abeaa36852fbadd671a25897a2ec6999,abeaa3f752fb6ed671ea58978fec6999,0000009f0000c300004800002d000000,4,1248,3
0,71,00112233445566778899aabbccddef46,5,1,5,c0,2,1,00000000000000000000c00000000000,33dee6bcc22afcca3f8b9042540d5966,33deaabcc288fccaab8b9042540d5938,00004c0000a20000940000000000005e,4,2481,0
0,72,00112233445566778899aabbccddef47,9,1,9,28,2,1,00000000000028000000000000000000,d8d2127240c242865b4c42f0ab3598d9,d81c12729ec242865b4c4290ab35a5d9,00ce0000de0000000000006000003d00,4,4812,1
0,73,00112233445566778899aabbccddef48,15,1,15,68,3,1,68000000000000000000000000000000,4d3d18ccdd4591e75ea73cc4d4206345,d63d18ccdd4591dd5ea7dcc4d49d6345,9b0000000000003a0000e00000bd0000,4,8124,2
0,74,00112233445566778899aabbccddef49,1,1,1,24,2,1,00000000000000000000000000002400,e82dd52ae5c0e0af6db4f78a4fd57490,e82dd53ee5c0a1af6d05f78a55d57490,000000140000410000b100001a000000,4,1248,3
0,75,00112233445566778899aabbccddef4a,6,1,6,12,2,1,00000000000000000012000000000000,d070b5ba6e53165274be2191552716b5,d0707dba6ef01652f5be2191552716c6,0000c80000a300008100000000000073,4,2481,0
0,76,00112233445566778899aabbccddef4b,15,1,15,c8,3,1,c8000000000000000000000000000000,00933e37cdcaad01f8d55c71a7b77d59,39933e37cdcaadc1f8d54571a75d7d59,39000000000000c00000190000ea0000,4,8124,2
0,77,00112233445566778899aabbccddef4c,1,1,1,24,2,1,00000000000000000000000000002400,eb6087bb81bdc99b150cd78345b1bccc,eb60878c81bd3a9b1558d78308b1bccc,000000370000f300005400004d000000,4,1248,3
0,78,00112233445566778899aabbccddef4d,11,1,11,48,2,1,00000000480000000000000000000000,d76c183adb4ee5796ac721e9a3995c71,d7b3183a1a4ee5796ac721c2a3993a71,00df0000c10000000000002b00006600,4,4812,1
0,79,00112233445566778899aabbccddef4e,8,1,8,c0,2,1,00000000000000c00000000000000000,e7357bfde8307699b19b533e5d0f550b,e7fe7bfd23307699b19b532b5d0f230b,00cb0000cb0000000000001500007600,4,4812,1
0,80,00112233445566778899aabbccddef4f,0,1,0,88,2,1,00000000000000000000000000000088,4fed69ca22075a69ece61fb7963d15c4,4fed69482207be69ec031fb7303d15c4,000000820000e40000e50000a6000000,4,1248,3
0,81,00112233445566778899aabbccddef50,12,1,12,88,2,1,00000088000000000000000000000000,3895983a1e5c12bb8b2b069e838449ec,d995983a1e5c12258b2bbb9e836449ec,e10000000000009e0000bd0000e00000,4,8124,2
0,82,00112233445566778899aabbccddef51,14,1,14,80,1,1,00800000000000000000000000000000,91270509c2621cb633c369b421982cf6,2b270509c2621c8f33c3e7b421df2cf6,ba0000000000003900008e0000470000,4,8124,2
0,83,00112233445566778899aabbccddef52,15,1,15,68,3,1,68000000000000000000000000000000,e2c075db894401e68fc0342655bf9a97,73c075db894401278fc07e26556c9a97,91000000000000c100004a0000d30000,4,8124,2
0,84,00112233445566778899aabbccddef53,14,1,14,12,2,1,00120000000000000000000000000000,5498aafa9deabf9ca30e691e169711f5,6698aafa9deabfaea30ee81e166811f5,32000000000000320000810000ff0000,4,8124,2
0,85,00112233445566778899aabbccddef54,9,1,9,03,2,1,00000000000003000000000000000000,e4af218e2a3d8a0dc8f539f307ff296f,e41b218ee63d8a0dc8f5391e07ff106f,00b40000cc000000000000ed00003900,4,4812,1
0,86,00112233445566778899aabbccddef55,7,1,7,a8,3,1,0000000000000000a800000000000000,cc3d64ac8ef7c8765eed3a3ec328bb6a,cc3d38ac8e19c876e9ed3a3ec328bbba,00005c0000ee0000b7000000000000d0,4,2481,0
0,87,00112233445566778899aabbccddef56,14,1,14,a8,3,1,00a80000000000000000000000000000,84abf3b13b80d76ea9f2ecd00b6d9a22,a2abf3b13b80d724a9f23cd00bbd9a22,260000000000004a0000d00000d00000,4,8124,2
0,88,00112233445566778899aabbccddef57,5,1,5,c0,2,1,00000000000000000000c00000000000,c8512371666c31451443acea7f67f3b9,c8510171663831454843acea7f67f38d,00002200005400005c00000000000034,4,2481,0
0,89,00112233445566778899aabbccddef58,5,1,5,50,2,1,00000000000000000000500000000000,a68945dd03a0ee978cdce3f18509509c,a68998dd03b4ee97f0dce3f18509502f,0000dd00001400007c000000000000b3,4,2481,0
0,90,00112233445566778899aabbccddef59,14,1,14,07,3,1,00070000000000000000000000000000,04cacbe6d68ce3a3acc84e38a3a3e45d,1acacbe6d68ce3c6acc8ad38a3e1e45d,1e000000000000650000e30000420000,4,8124,2
0,91,00112233445566778899aabbccddef5a,3,1,3,48,2,1,00000000000000000000000048000000,9a6ec821697658aaa278c00eae471140,9a6ec84d69761caaa267c00eff471140,0000006c00004400001f000051000000,4,1248,3
0,92,00112233445566778899aabbccddef5b,14,1,14,48,2,1,00480000000000000000000000000000,b5840e55e5d51126ec6b165834f874cd,93840e55e5d51164ec6b275834df74cd,26000000000000420000310000270000,4,8124,2
0,93,00112233445566778899aabbccddef5c,5,1,5,1a,3,1,000000000000000000001a0000000000,b0f6cfa0ec3622ec2b2bde31e0a6f41d,b0f633a0ec9522ec862bde31e0a6f4cf,0000fc0000a30000ad000000000000d2,4,2481,0
0,94,00112233445566778899aabbccddef5d,2,1,2,60,2,1,00000000000000000000000000600000,55fd7d5856769a9e74df1c4e9b69c4ad,55fd7d5d5676079e74ef1c4e0869c4ad,0000000500009d000030000093000000,4,1248,3
0,95,00112233445566778899aabbccddef5e,4,1,4,14,2,1,00000000000000000000001400000000,479b1822af4ca669183cfac50e7fa015,479b7f22af45a6691e3cfac50e7fa05d,00006700000900000600000000000048,4,2481,0
0,96,00112233445566778899aabbccddef5f,11,1,11,11,2,1,00000000110000000000000000000000,6bc0904828269e942644bf6ad6573004,6b249048ec269e942644bf6dd6571c04,00e40000c40000000000000700002c00,4,4812,1
0,97,00112233445566778899aabbccddef60,0,1,0,88,2,1,00000000000000000000000000000088,aa6bb074647fd0a8ebaf325a231ce967,aa6bb0ee647f9aa8eb4d325a891ce967,0000009a00004a0000e20000aa000000,4,1248,3
0,98,00112233445566778899aabbccddef61,7,1,7,8a,3,1,00000000000000008a00000000000000,75c6f897925171bf6c3874888bfb9440,75c61597921d71bf0b3874888bfb94f7,0000ed00004c000067000000000000b7,4,2481,0
0,99,00112233445566778899aabbccddef62,9,1,9,c0,2,1,000000000000c0000000000000000000,f14f50a197bb0c3b58e10c30aee386d6,f1ea50a185bb0c3b58e10c35aee32cd6,00a5000012000000000000050000aa00,4,4812,1
0,100,00112233445566778899aabbccddef63,5,1,5,06,2,1,00000000000000000000060000000000,5f561270da7dcb754206ffc4a4eb7790,5f56fd70dadacb751406ffc4a4eb7735,0000ef0000a7000056000000000000a5,4,2481,0
0,101,00112233445566778899aabbccddef64,9,1,9,c0,2,1,000000000000c0000000000000000000,da531afa5d745a0ba3d99ac941cc8517,daf71afa05745a0ba3d99a1541ccf517,00a4000058000000000000dc00007000,4,4812,1
0,102,00112233445566778899aabbccddef65,13,1,13,11,2,1,00001100000000000000000000000000,a2886546a0b00ca1b6a0af3afae76208,a6886546a0b00c9fb6a0e13afa736208,040000000000003e00004e0000940000,4,8124,2
0,103,00112233445566778899aabbccddef66,0,1,0,c0,2,1,000000000000000000000000000000c0,5b0f6dc4eca69c78e09816e9305f2e79,5b0f6d8eeca6e878e00416e92a5f2e79,0000004a00007400009c00001a000000,4,1248,3
0,104,00112233445566778899aabbccddef67,9,1,9,68,3,1,00000000000068000000000000000000,1a6c173da7cf4fe6ab739f6f093e6099,1aa2173d11cf4fe6ab739f30093e4999,00ce0000b60000000000005f00002900,4,4812,1
0,105,00112233445566778899aabbccddef68,5,1,5,68,3,1,00000000000000000000680000000000,eb0d67a4561e7f7f84bd1344678b437c,eb0d8fa456977f7fa9bd1344678b436f,0000e800008900002d00000000000013,4,2481,0
0,106,00112233445566778899aabbccddef69,10,1,10,03,2,1,00000000000300000000000000000000,bb0fb6d05e07e0f3c77135c8f96756f7,bb38b6d00407e0f3c7713519f96762f7,003700005a000000000000d100003400,4,4812,1
0,107,00112233445566778899aabbccddef6a,15,1,15,06,2,1,06000000000000000000000000000000,b3dfce30adc1ba05016f6cafd583caa3,2edfce30adc1baa4016f9cafd547caa3,9d000000000000a10000f00000c40000,4,8124,2
0,108,00112233445566778899aabbccddef6b,14,1,14,01,1,1,00010000000000000000000000000000,5e7e2a7aee133494623a65def7aae0ac,097e2a7aee133417623ad5def7a9e0ac,57000000000000830000b00000030000,4,8124,2
0,109,00112233445566778899aabbccddef6c,7,1,7,88,2,1,00000000000000008800000000000000,4ff9bfd525e703b996d9af06135c2eed,4ff933d5250603b9e0d9af06135c2e22,00008c0000e1000076000000000000cf,4,2481,0
0,110,00112233445566778899aabbccddef6d,15,1,15,12,2,1,12000000000000000000000000000000,49642b0d3edc0ecd59028fd4484aef71,11642b0d3edc0e6e5902e1d4483bef71,58000000000000a300006e0000710000,4,8124,2
0,111,00112233445566778899aabbccddef6e,8,1,8,2c,3,1,000000000000002c0000000000000000,90081d69eceb2db1251cf00ddad67401,908f1d69e1eb2db1251cf007dad6d901,008700000d0000000000000a0000ad00,4,4812,1
0,112,00112233445566778899aabbccddef6f,12,1,12,11,2,1,00000011000000000000000000000000,97cd88042e06380970027c8333684b81,15cd88042e06382470021d8333104b81,820000000000002d0000610000780000,4,8124,2
0,113,00112233445566778899aabbccddef70,9,1,9,8a,3,1,0000000000008a000000000000000000,ca1ea6b41256d515ad0c3c41c7fb0431,cae3a6b49056d515ad0c3c74c7fbeb31,00fd000082000000000000350000ef00,4,4812,1
0,114,00112233445566778899aabbccddef71,7,1,7,c8,3,1,0000000000000000c800000000000000,fcc5787380ab8af1b9d0b72c6aa30424,fcc53273800e8af1e2d0b72c6aa304a6,00004a0000a500005b00000000000082,4,2481,0
0,115,00112233445566778899aabbccddef72,11,1,11,11,2,1,00000000110000000000000000000000,7cd5d536394f729c986d0df000d74322,7c5fd5365f4f729c986d0da600d7e022,008a000066000000000000560000a300,4,4812,1
0,116,00112233445566778899aabbccddef73,1,1,1,2c,3,1,00000000000000000000000000002c00,a46b94d426c9dc1b5903f236fd59a5a3,a46b947026c9e21b59ebf2365759a5a3,000000a400003e0000e80000aa000000,4,1248,3
0,117,00112233445566778899aabbccddef74,6,1,6,8a,3,1,0000000000000000008a000000000000,428846c2e3571c02e1cef9b18705ad48,42880ac2e3a61c02efcef9b18705addb,00004c0000f100000e00000000000093,4,2481,0
0,118,00112233445566778899aabbccddef75,3,1,3,01,1,1,00000000000000000000000001000000,408b1c0938258ed51c6254188aead0cc,408b1c21382553d51c5b54181eead0cc,000000280000dd000039000094000000,4,1248,3
0,119,00112233445566778899aabbccddef76,13,1,13,c0,2,1,0000c000000000000000000000000000,6681144e59399d2e23d6b6cb0225b8a4,8681144e59399db223d635cb024db8a4,e00000000000009c0000830000680000,4,8124,2
0,120,00112233445566778899aabbccddef77,0,1,0,50,2,1,00000000000000000000000000000050,28765097b451e09485a3b4c8083124d6,2876503fb4514d948516b4c8d13124d6,000000a80000ad0000b50000d9000000,4,1248,3
0,121,00112233445566778899aabbccddef78,10,1,10,4a,3,1,00000000004a00000000000000000000,c8823cded1818d035c2a4ccd8fbd1e9b,c8263cde4e818d035c2a4cd88fbd839b,00a400009f0000000000001500009d00,4,4812,1
0,122,00112233445566778899aabbccddef79,8,1,8,11,2,1,00000000000000110000000000000000,4f3ce6c21cc586550bf2aea7bbb49043,4f02e6c280c586550bf2aefebbb41943,003e00009c0000000000005900008900,4,4812,1
0,123,00112233445566778899aabbccddef7a,1,1,1,2c,3,1,00000000000000000000000000002c00,59e37a76343a0699ec0370bf12322c5e,59e37a4f343a2799eceb70bf71322c5e,000000390000210000e8000063000000,4,1248,3
0,124,00112233445566778899aabbccddef7b,0,1,0,06,2,1,00000000000000000000000000000006,b4c75b2f14820cd83e3f7374d5635f1e,b4c75b2614827fd83e1f7374d9635f1e,0000000900007300002000000c000000,4,1248,3
0,125,00112233445566778899aabbccddef7c,11,1,11,4a,3,1,000000004a0000000000000000000000,4d773b669de9a0260ca89bcb180096c7,4dc23b6630e9a0260ca89be31800f3c7,00b50000ad0000000000002800006500,4,4812,1
0,126,00112233445566778899aabbccddef7d,14,1,14,24,2,1,00240000000000000000000000000000,72dedc4b923af33e2d673cf7052ef96c,e8dedc4b923af37b2d677df705bbf96c,9a000000000000450000410000950000,4,8124,2
0,127,00112233445566778899aabbccddef7e,0,1,0,2c,3,1,0000000000000000000000000000002c,de741014d4e78e089eb09113ef03d87d,de74101fd4e7ff089ef09113a403d87d,0000000b00007100004000004b000000,4,1248,3
0,128,00112233445566778899aabbccddef7f,5,1,5,07,3,1,00000000000000000000070000000000,8a69da8cd4a4e3b7d5f5fbef4a39a7df,8a69128cd412e3b7f4f5fbef4a39a764,0000c80000b6000021000000000000bb,4,2481,0
0,129,00112233445566778899aabbccddef80,7,1,7,0a,2,1,00000000000000000a00000000000000,9eeb7ccc80939fb353ab62bb2652f980,9eebc5cc803a9fb304ab62bb2652f981,0000b90000a900005700000000000001,4,2481,0
0,130,00112233445566778899aabbccddef81,1,1,1,68,3,1,00000000000000000000000000006800,9eeda4196ea3bd7d8a6842888da69b7e,9eeda41a6ea3067d8a9542884ba69b7e,000000030000bb0000fd0000c6000000,4,1248,3
0,131,00112233445566778899aabbccddef82,6,1,6,11,2,1,00000000000000000011000000000000,e59af569bbf6a01f049a5afd9a83c646,e59a9969bba9a01f359a5afd9a83c66e,00006c00005f00003100000000000028,4,2481,0
0,132,00112233445566778899aabbccddef83,2,1,2,14,2,1,00000000000000000000000000140000,e6ad90744b85bcb01a74cb6ba7ad1fd4,e6ad90bf4b8570b01a56cb6b28ad1fd4,000000cb0000cc00002200008f000000,4,1248,3
0,133,00112233445566778899aabbccddef84,0,1,0,2c,3,1,0000000000000000000000000000002c,4d42ea6aa16b09d6b2de0d18966767f2,4d42ea24a16b20d6b2740d180a6767f2,0000004e0000290000aa00009c000000,4,1248,3
0,134,00112233445566778899aabbccddef85,6,1,6,28,2,1,00000000000000000028000000000000,3a140f622a8dbd1fad6851aba0951e95,3a1442622abdbd1fde6851aba0951e89,00004d0000300000730000000000001c,4,2481,0
0,135,00112233445566778899aabbccddef86,8,1,8,0a,2,1,000000000000000a0000000000000000,c13abbaf4d6edcd639e1e89fe7a83aab,c1c9bbafa76edcd639e1e843e7a88cab,00f30000ea000000000000dc0000b600,4,4812,1
0,136,00112233445566778899aabbccddef87,7,1,7,06,2,1,00000000000000000600000000000000,4be414ce9df611f4e9b221d12e8c78c9,4be405ce9dcd11f48cb221d12e8c7858,00001100003b00006500000000000091,4,2481,0
0,137,00112233445566778899aabbccddef88,8,1,8,80,1,1,00000000000000800000000000000000,347a9278ace3e97369e7446c73515feb,34b2927822e3e97369e744a7735113eb,00c800008e000000000000cb00004c00,4,4812,1
0,138,00112233445566778899aabbccddef89,14,1,14,68,3,1,00680000000000000000000000000000,73521fda0db2d0e3296e6af09cb14f15,0d521fda0db2d08d296ee6f09c1a4f15,7e0000000000006e00008c0000ab0000,4,8124,2
0,139,00112233445566778899aabbccddef8a,9,1,9,11,2,1,00000000000011000000000000000000,9b209131251b0038d567b1ccf44e6914,9bbb9131861b0038d567b135f44e0714,009b0000a3000000000000f900006e00,4,4812,1
0,140,00112233445566778899aabbccddef8b,8,1,8,06,2,1,00000000000000060000000000000000,5a8620b48d91299b4bff59816f56447e,5a5420b40491299b4bff590a6f56117e,00d20000890000000000008b00005500,4,4812,1
0,141,00112233445566778899aabbccddef8c,4,1,4,0b,3,1,00000000000000000000000b00000000,11c43749263a5b36413c18d1fe0d69f9,11c4584926275b36c83c18d1fe0d69e9,00006f00001d00008900000000000010,4,2481,0
0,142,00112233445566778899aabbccddef8d,1,1,1,1a,3,1,00000000000000000000000000001a00,6a70520ac31c6c689e7aafb6c3fa1233,6a7052cbc31c45689e65afb689fa1233,000000c100002900001f00004a000000,4,1248,3
0,143,00112233445566778899aabbccddef8e,15,1,15,24,2,1,24000000000000000000000000000000,dc9ad20cabcc116edcf4a1c5c6c9d39e,0d9ad20cabcc110fdcf4e7c5c639d39e,d1000000000000610000460000f00000,4,8124,2
0,144,00112233445566778899aabbccddef8f,12,1,12,48,2,1,00000048000000000000000000000000,8f61083619dc956b2f94c65f0d5c8702,9b61083619dc95eb2f94e45f0d5f8702,14000000000000800000220000030000,4,8124,2
0,145,00112233445566778899aabbccddef90,15,1,15,c0,2,1,c0000000000000000000000000000000,2ec9c2846a614452e797b9454f13b4d1,58c9c2846a614495e797c5454fa9b4d1,76000000000000c700007c0000ba0000,4,8124,2
0,146,00112233445566778899aabbccddef91,8,1,8,01,1,1,00000000000000010000000000000000,8d6ccd68ccb68b4e01484fb622d8cf2f,8daecd6853b68b4e01484f0c22d8082f,00c200009f000000000000ba0000c700,4,4812,1
0,147,00112233445566778899aabbccddef92,4,1,4,0b,3,1,00000000000000000000000b00000000,2fe31a8765d7fbd7e108e66c6ca34aae,2fe3aa8765bdfbd72a08e66c6ca34a75,0000b000006a0000cb000000000000db,4,2481,0
0,148,00112233445566778899aabbccddef93,4,1,4,03,2,1,00000000000000000000000300000000,8d25c3e5e08104349f710d9bd298d479,8d25a5e5e085043446710d9bd298d4b8,0000660000040000d9000000000000c1,4,2481,0
0,149,00112233445566778899aabbccddef94,10,1,10,2c,3,1,00000000002c00000000000000000000,a93af26c2ba3d2832a9728646439eded,a900f26c4da3d2832a97288c643947ed,003a000066000000000000e80000aa00,4,4812,1
0,150,00112233445566778899aabbccddef95,3,1,3,14,2,1,00000000000000000000000014000000,9968fbbfca339139bd8cd14251016c24,9968fb42ca339039bdf0d142f0016c24,000000fd00000100007c0000a1000000,4,1248,3
0,151,00112233445566778899aabbccddef96,0,1,0,88,2,1,00000000000000000000000000000088,22bd9b8b8897d4fa59f5f429a4134c6d,22bd9bba8897e7fa5979f4297e134c6d,0000003100003300008c0000da000000,4,1248,3
0,152,00112233445566778899aabbccddef97,9,1,9,80,1,1,00000000000080000000000000000000,d3b65b6973705c51e1c2ddd3492564ec,d3185b69c0705c51e1c2ddd44925c2ec,00ae0000b3000000000000070000a600,4,4812,1
0,153,00112233445566778899aabbccddef98,12,1,12,14,2,1,00000014000000000000000000000000,06e50b04e0341e2dc8bc92ce944a39fa,88e50b04e0341e1fc8bc1dce940939fa,8e0000000000003200008f0000430000,4,8124,2
0,154,00112233445566778899aabbccddef99,5,1,5,c0,2,1,00000000000000000000c00000000000,c3f50cccd7553a4a0391987e86766305,c3f537ccd7e83a4aee91987e8676636e,00003b0000bd0000ed0000000000006b,4,2481,0
0,155,00112233445566778899aabbccddef9a,13,1,13,03,2,1,00000300000000000000000000000000,bfbbb0217d8f254cbe6e480d7a5e7fb3,bbbbb0217d8f257bbe6ec10d7a7a7fb3,04000000000000370000890000240000,4,8124,2
0,156,00112233445566778899aabbccddef9b,6,1,6,80,1,1,00000000000000000080000000000000,cb0e9995ece64dde7b54b5dc7924cdfb,cb0e3395eca74dde7054b5dc7924cd71,0000aa00004100000b0000000000008a,4,2481,0
0,157,00112233445566778899aabbccddef9c,8,1,8,60,2,1,00000000000000600000000000000000,248511a5bfd691d484b32a8b214d5ec1,245f11a561d691d484b32a81214d97c1,00da0000de0000000000000a0000c900,4,4812,1
0,158,00112233445566778899aabbccddef9d,14,1,14,4a,3,1,004a0000000000000000000000000000,97f42b8918d45fac3b937ca747459c8e,38f42b8918d45f4d3b93b4a747ca9c8e,af000000000000e10000c800008f0000,4,8124,2
0,159,00112233445566778899aabbccddef9e,15,1,15,c0,2,1,c0000000000000000000000000000000,1331ebe41a72f86078cada404fac5f43,1231ebe41a72f86e78ca72404fb85f43,010000000000000e0000a80000140000,4,8124,2
0,160,00112233445566778899aabbccddef9f,4,1,4,0b,3,1,00000000000000000000000b00000000,ba75b2c15be539cbe81d04abec18ba6c,ba75c7c15bc439cb521d04abec18bac9,0000750000210000ba000000000000a5,4,2481,0
0,161,00112233445566778899aabbccddefa0,3,1,3,48,2,1,00000000000000000000000048000000,bacf99c9cb70a0702b8b8261ffc0b504,bacf99cbcb7030702b268261aec0b504,000000020000900000ad000051000000,4,1248,3
0,162,00112233445566778899aabbccddefa1,13,1,13,11,2,1,00001100000000000000000000000000,e42c2c47e5d4ac8f4cacaf2d3f21c49e,c22c2c47e5d4ac044cace12d3fc5c49e,260000000000008b00004e0000e40000,4,8124,2
0,163,00112233445566778899aabbccddefa2,10,1,10,1a,3,1,00000000001a00000000000000000000,2cead0714a45fcbea58652187fbd48a2,2c13d0716145fcbea58652127fbdd2a2,00f900002b0000000000000a00009a00,4,4812,1
0,164,00112233445566778899aabbccddefa3,11,1,11,06,2,1,00000000060000000000000000000000,54f8ec9f2e8305d849cb06ca4519bf4f,5483ec9fac8305d849cb06184519ef4f,007b000082000000000000d200005000,4,4812,1
0,165,00112233445566778899aabbccddefa4,11,1,11,0a,2,1,000000000a0000000000000000000000,df9f494174053f6c4b97d6eb107c7957,df084941fc053f6c4b97d6b9107c9a57,0097000088000000000000520000e300,4,4812,1
0,166,00112233445566778899aabbccddefa5,10,1,10,01,1,1,00000000000100000000000000000000,2f80521ce81912ed5ac6228f7d2dd2f8,2fcd521c751912ed5ac622387d2d52f8,004d00009d000000000000b700008000,4,4812,1
0,167,00112233445566778899aabbccddefa6,0,1,0,24,2,1,00000000000000000000000000000024,d312731218db1bb3882da5adac76f033,d312736c18db5fb3889ba5ad3376f033,0000007e0000440000b600009f000000,4,1248,3
0,168,00112233445566778899aabbccddefa7,14,1,14,01,1,1,00010000000000000000000000000000,a1a3e425ad6e6cdbba295cc1d2e0ae95,c5a3e425ad6e6cb2ba2930c1d279ae95,640000000000006900006c0000990000,4,8124,2
0,169,00112233445566778899aabbccddefa8,7,1,7,68,3,1,00000000000000006800000000000000,af2c831dacc970978fc2175faf0a525d,af2cfa1dac127097cbc2175faf0a521f,0000790000db00004400000000000042,4,2481,0
0,170,00112233445566778899aabbccddefa9,10,1,10,12,2,1,00000000001200000000000000000000,1bfa009639c3fc8795994fec3a2c9139,1b6e009634c3fc8795994f453a2c8939,009400000d000000000000a900001800,4,4812,1
0,171,00112233445566778899aabbccddefaa,9,1,9,03,2,1,00000000000003000000000000000000,b1e8b57f412bde494d86d6fffd2292ef,b147b57feb2bde494d86d600fd2239ef,00af0000aa000000000000ff0000ab00,4,4812,1
0,172,00112233445566778899aabbccddefab,2,1,2,c0,2,1,00000000000000000000000000c00000,08f7d7b8d9369f6549276a375ca21b6f,08f7d7cdd936466549466a3757a21b6f,000000750000d900006100000b000000,4,1248,3
0,173,00112233445566778899aabbccddefac,4,1,4,68,3,1,00000000000000000000006800000000,89d1fb047abb64a5de3aed9078d64484,89d14c047a7964a5023aed9078d644bd,0000b70000c20000dc00000000000039,4,2481,0
0,174,00112233445566778899aabbccddefad,9,1,9,48,2,1,00000000000048000000000000000000,53f6d61e46d9a615d4f4b17760a5ecd1,5305d61e2bd9a615d4f4b1ad60a508d1,00f300006d000000000000da0000e400,4,4812,1
0,175,00112233445566778899aabbccddefae,0,1,0,03,2,1,00000000000000000000000000000003,1b61ca7205a63b0cd67e5a79a0b9cfb6,1b61cab805a6eb0cd6305a7906b9cfb6,000000ca0000d000004e0000a6000000,4,1248,3
0,176,00112233445566778899aabbccddefaf,11,1,11,14,2,1,00000000140000000000000000000000,b25e79a319929a810498f9a644f99175,b24679a39b929a810498f97e44f9e375,0018000082000000000000d800007200,4,4812,1
0,177,00112233445566778899aabbccddefb0,4,1,4,24,2,1,00000000000000000000002400000000,4aaaa6ab59ebb090bfa54e354403451b,4aaa62ab5927b090b7a54e3544034531,0000c40000cc0000080000000000002a,4,2481,0
0,178,00112233445566778899aabbccddefb1,9,1,9,12,2,1,00000000000012000000000000000000,536d9b32364f4e7981c2152065c92351,53fa9b32614f4e7981c2159f65c90e51,0097000057000000000000bf00002d00,4,4812,1
0,179,00112233445566778899aabbccddefb2,13,1,13,24,2,1,00002400000000000000000000000000,848c41b5dfddf658ce5a6d3442183b16,e58c41b5dfddf614ce5a6c3442cb3b16,610000000000004c0000010000d30000,4,8124,2
0,180,00112233445566778899aabbccddefb3,8,1,8,80,1,1,00000000000000800000000000000000,2bce5a3dbf3c6aa2017cb80e84045aa6,2b395a3dba3c6aa2017cb84e84049fa6,00f7000005000000000000400000c500,4,4812,1
0,181,00112233445566778899aabbccddefb4,3,1,3,06,2,1,00000000000000000000000006000000,8135c16dee7b271261a4fd34447d4a0c,8135c17fee7b75126117fd34867d4a0c,000000120000520000b30000c2000000,4,1248,3
0,182,00112233445566778899aabbccddefb5,13,1,13,14,2,1,00001400000000000000000000000000,6e1ca1ce62c8d34b5612a6df6ba5124e,ff1ca1ce62c8d3ec5612dadf6b6c124e,91000000000000a700007c0000c90000,4,8124,2
0,183,00112233445566778899aabbccddefb6,4,1,4,11,2,1,00000000000000000000001100000000,aee76284ec04d3ab49bea2e4f08894b8,aee74084ec42d3ab12bea2e4f08894b9,00002200004600005b00000000000001,4,2481,0
0,184,00112233445566778899aabbccddefb7,7,1,7,14,2,1,00000000000000001400000000000000,8e0a72835b91e4deed0eca54ba018a9b,8e0aae835b3ce4de320eca54ba018a0f,0000dc0000ad0000df00000000000094,4,2481,0
0,185,00112233445566778899aabbccddefb8,7,1,7,a8,3,1,0000000000000000a800000000000000,aa70f8151cad05397c492aa5177c6c8b,aa70cb151ca5053953492aa5177c6c72,00003300000800002f000000000000f9,4,2481,0
0,186,00112233445566778899aabbccddefb9,1,1,1,68,3,1,00000000000000000000000000006800,3bf1737399ada2587be99367f27d5e44,3bf173c099ada5587bb693679e7d5e44,000000b300000700005f00006c000000,4,1248,3
0,187,00112233445566778899aabbccddefba,15,1,15,60,2,1,60000000000000000000000000000000,d3fe8b5d0eb1f232efa2a83864c8f75e,89fe8b5d0eb1f2d1efa2f33864fcf75e,5a000000000000e300005b0000340000,4,8124,2
0,188,00112233445566778899aabbccddefbb,10,1,10,11,2,1,00000000001100000000000000000000,a92c7bb861fb55bd043cb9c2f365d87f,a9347bb883fb55bd043cb9fff3653c7f,00180000e20000000000003d0000e400,4,4812,1
0,189,00112233445566778899aabbccddefbc,15,1,15,14,2,1,14000000000000000000000000000000,4ffac9c436676e68f7d2f807ea7231f3,8afac9c436676e0ff7d2e807ea0b31f3,c5000000000000670000100000790000,4,8124,2
0,190,00112233445566778899aabbccddefbd,3,1,3,88,2,1,00000000000000000000000088000000,b280003710b946b182c3f9a4f05ff0f1,b28000fd10b9e1b182fef9a46a5ff0f1,000000ca0000a700003d00009a000000,4,1248,3
0,191,00112233445566778899aabbccddefbe,1,1,1,48,2,1,00000000000000000000000000004800,a3d4f24c71ae96ed0baf60878a4e2fae,a3d4f22671ae9ced0b106087894e2fae,0000006a00000a0000bf000003000000,4,1248,3
0,192,00112233445566778899aabbccddefbf,6,1,6,88,2,1,00000000000000000088000000000000,414370373adf70d32552e753a22709d5,414323373ad170d3ca52e753a2270963,00005300000e0000ef000000000000b6,4,2481,0
0,193,00112233445566778899aabbccddefc0,5,1,5,c0,2,1,00000000000000000000c00000000000,178a3df732ea46335e7beb173baa7ed1,178a84f732914633f97beb173baa7e83,0000b900007b0000a700000000000052,4,2481,0
0,194,00112233445566778899aabbccddefc1,0,1,0,64,3,1,00000000000000000000000000000064,a80901029012f36a6532a960ee826646,a80901049012ab6a65b7a96036826646,000000060000580000850000d8000000,4,1248,3
0,195,00112233445566778899aabbccddefc2,0,1,0,c0,2,1,000000000000000000000000000000c0,dcc3222d1d017ade9751abb7b2b2671b,dcc322181d01bbde97a8abb73ab2671b,000000350000c10000f9000088000000,4,1248,3
0,196,00112233445566778899aabbccddefc3,4,1,4,68,3,1,00000000000000000000006800000000,6816128d07e0a46db5a536659f1f8636,6816a68d07e6a46dcba536659f1f86fc,0000b400000600007e000000000000ca,4,2481,0
0,197,00112233445566778899aabbccddefc4,4,1,4,14,2,1,00000000000000000000001400000000,294ef8625484d8a1822384c9b80c3833,294e6f6254c7d8a11b2384c9b80c3831,00009700004300009900000000000002,4,2481,0
0,198,00112233445566778899aabbccddefc5,1,1,1,50,2,1,00000000000000000000000000005000,7ea201876c87098e2047beb5e4760686,7ea201da6c87bd8e20f8beb51b760686,0000005d0000b40000bf0000ff000000,4,1248,3
0,199,00112233445566778899aabbccddefc6,10,1,10,06,2,1,00000000000600000000000000000000,34a4d449f0ee7031a32d30f766ee8cde,3498d44918ee7031a32d30ee66eee7de,003c0000e80000000000001900006b00,4,4812,1
0,200,00112233445566778899aabbccddefc7,9,1,9,80,1,1,00000000000080000000000000000000,4936c9d4967690234749ae7077f28ac9,4962c9d43b7690234749ae6a77f2cac9,00540000ad0000000000001a00004000,4,4812,1
0,201,00112233445566778899aabbccddefc8,1,1,1,1a,3,1,00000000000000000000000000001a00,832cebbd5104a52c63d975e3d926948d,832ceb3e51048e2c638675e32a26948d,0000008300002b00005f0000f3000000,4,1248,3
0,202,00112233445566778899aabbccddefc9,10,1,10,c0,2,1,0000000000c000000000000000000000,1015c4c9620651e8cef34ba4aafee7ee,105bc4c9350651e8cef34b74aafebcee,004e000057000000000000d000005b00,4,4812,1
0,203,00112233445566778899aabbccddefca,13,1,13,24,2,1,00002400000000000000000000000000,7b6da2001b4c59df0b4255674e55cdcc,356da2001b4c59d70b4240674e31cdcc,4e000000000000080000150000640000,4,8124,2
0,204,00112233445566778899aabbccddefcb,5,1,5,01,1,1,00000000000000000000010000000000,e33af14810f071ff36e8f7a89e9a0f13,e33a8348106971ff1fe8f7a89e9a0fc0,000072000099000029000000000000d3,4,2481,0
0,205,00112233445566778899aabbccddefcc,11,1,11,80,1,1,00000000800000000000000000000000,414a5379a8d314c83bc8fb0790cf607c,41b05379e7d314c83bc8fbd490cf0b7c,00fa00004f000000000000d300006b00,4,4812,1
0,206,00112233445566778899aabbccddefcd,7,1,7,24,2,1,00000000000000002400000000000000,62a7da5fa99dc9ec3037657030d3bd9e,62a7be5fa98cc9ec3537657030d3bd04,0000640000110000050000000000009a,4,2481,0
0,207,00112233445566778899aabbccddefce,14,1,14,11,2,1,00110000000000000000000000000000,fc9abe2838a47abfb0b5cbba30ffde47,739abe2838a47a1fb0b5bbba30d1de47,8f000000000000a000007000002e0000,4,8124,2
0,208,00112233445566778899aabbccddefcf,12,1,12,16,3,1,00000016000000000000000000000000,7baed83b52b6028fd64ea4a6889cc58a,7daed83b52b6022ed64ef0a6881cc58a,06000000000000a10000540000800000,4,8124,2
0,209,00112233445566778899aabbccddefd0,1,1,1,07,3,1,00000000000000000000000000000700,9763b7033fb1d1522e398d04ec08f3de,9763b7a93fb1a8522eae8d043508f3de,000000aa0000790000970000d9000000,4,1248,3
0,210,00112233445566778899aabbccddefd1,11,1,11,48,2,1,00000000480000000000000000000000,5dba4465d72ad8b04103452af8aa6ebd,5d5644657f2ad8b0410345d9f8aa1dbd,00ec0000a8000000000000f300007300,4,4812,1
0,211,00112233445566778899aabbccddefd2,2,1,2,06,2,1,00000000000000000000000000060000,c9e282931d155a3071289697be3d6ac2,c9e2822c1d15193071029697633d6ac2,000000bf00004300002a0000dd000000,4,1248,3
0,212,00112233445566778899aabbccddefd3,12,1,12,48,2,1,00000048000000000000000000000000,b2478927f9207d810ea3961df9a59d0f,c1478927f9207d9c0ea3d31df9109d0f,730000000000001d0000450000b50000,4,8124,2
0,213,00112233445566778899aabbccddefd4,2,1,2,14,2,1,00000000000000000000000000140000,af92378b67cb9ed7020e2693e46ba147,af92375f67cba2d702502693246ba147,000000d400003c00005e0000c0000000,4,1248,3
0,214,00112233445566778899aabbccddefd5,0,1,0,80,1,1,00000000000000000000000000000080,798fa15ec9b215799ea647d6e167df5e,798fa115c9b2f9799e8947d60867df5e,0000004b0000ec00002f0000e9000000,4,1248,3
0,215,00112233445566778899aabbccddefd6,8,1,8,68,3,1,00000000000000680000000000000000,dbf0be84f35155368bfa3d53fd9c4ac5,dba0be84bd5155368bfa3dcffd9cbbc5,005000004e0000000000009c0000f100,4,4812,1
0,216,00112233445566778899aabbccddefd7,3,1,3,0b,3,1,0000000000000000000000000b000000,b506860e54ecbf4763f88a35f26db4ac,b50686c954ecce4763bf8a35d66db4ac,000000c7000071000047000024000000,4,1248,3
0,217,00112233445566778899aabbccddefd8,12,1,12,c0,2,1,000000c0000000000000000000000000,95e972e6ad022956ff0218681d14b9ff,12e972e6ad02291bff02b6681d46b9ff,870000000000004d0000ae0000520000,4,8124,2
0,218,00112233445566778899aabbccddefd9,10,1,10,a8,3,1,0000000000a800000000000000000000,491722fcd48ca52c9f6dad56cd1870fa,491f22fcee8ca52c9f6dad3dcd18dffa,000800003a0000000000006b0000af00,4,4812,1
0,219,00112233445566778899aabbccddefda,15,1,15,24,2,1,24000000000000000000000000000000,52cb63506d3e27a66e036772920fa784,1bcb63506d3e271a6e03f17292bda784,49000000000000bc0000960000b20000,4,8124,2
0,220,00112233445566778899aabbccddefdb,14,1,14,24,2,1,00240000000000000000000000000000,444638b3e1e9dd1bee42366e796dc156,ed4638b3e1e9dddaee42486e79b8c156,a9000000000000c100007e0000d50000,4,8124,2
0,221,00112233445566778899aabbccddefdc,11,1,11,12,2,1,00000000120000000000000000000000,8f6091942b97347470ce8d456a73f357,8f7591940997347470ce8ddb6a73a457,00150000220000000000009e00005700,4,4812,1
0,222,00112233445566778899aabbccddefdd,8,1,8,0b,3,1,000000000000000b0000000000000000,6ad05c6448e23034a9e9a9fb6f7b11e9,6af85c6471e23034a9e9a9996f7b22e9,00280000390000000000006200003300,4,4812,1
0,223,00112233445566778899aabbccddefde,2,1,2,64,3,1,00000000000000000000000000640000,be5637e8c5037ebc30172b2c84162362,be5637efc503e6bc30c82b2c61162362,000000070000980000df0000e5000000,4,1248,3
0,224,00112233445566778899aabbccddefdf,7,1,7,c0,2,1,0000000000000000c000000000000000,0065a6e52ac6f056144b3da134973eaa,0065e2e52adff0562f4b3da134973ef1,00004400001900003b0000000000005b,4,2481,0
0,225,00112233445566778899aabbccddefe0,2,1,2,c8,3,1,00000000000000000000000000c80000,74b2a444665754acfc79f906fbae35d9,74b2a41b66574cacfc42f90641ae35d9,0000005f00001800003b0000ba000000,4,1248,3
0,226,00112233445566778899aabbccddefe1,1,1,1,a8,3,1,0000000000000000000000000000a800,69c30d7dfeaf0bbc5fbfb1fb93dd409c,69c30d0cfeafe1bc5f0ab1fbb4dd409c,000000710000ea0000b5000027000000,4,1248,3
0,227,00112233445566778899aabbccddefe2,5,1,5,8a,3,1,000000000000000000008a0000000000,62e206db6347d520346f1f397ed1dc8f,62e2b9db63cdd520946f1f397ed1dc12,0000bf00008a0000a00000000000009d,4,2481,0
0,228,00112233445566778899aabbccddefe3,13,1,13,50,2,1,00005000000000000000000000000000,3f08ca46757aa6a1ef8158f29cd08c00,1708ca46757aa627ef8140f29c898c00,28000000000000860000180000590000,4,8124,2
0,229,00112233445566778899aabbccddefe4,9,1,9,c0,2,1,000000000000c0000000000000000000,b1fac4c3739382c596a6611fb64b8402,b131c4c3aa9382c596a66175b64bf202,00cb0000d90000000000006a00007600,4,4812,1
0,230,00112233445566778899aabbccddefe5,7,1,7,24,2,1,00000000000000002400000000000000,8723c794162a3e95b123c7585e59c0ce,87231f94167f3e95d723c7585e59c0b2,0000d80000550000660000000000007c,4,2481,0
0,231,00112233445566778899aabbccddefe6,4,1,4,1a,3,1,00000000000000000000001a00000000,df83b2e4baf2e1a8e9ef08d726de6031,df8361e4baf3e1a8e7ef08d726de606e,0000d300000100000e0000000000005f,4,2481,0
0,232,00112233445566778899aabbccddefe7,12,1,12,48,2,1,00000048000000000000000000000000,fce1a0c32cb5d25d80d77018dd29409d,b7e1a0c32cb5d22e80d73918dd99409d,4b000000000000730000490000b00000,4,8124,2
0,233,00112233445566778899aabbccddefe8,9,1,9,c0,2,1,000000000000c0000000000000000000,d7c83456415eba8f347a78927571f6c4,d7fc3456925eba8f347a788c75717fc4,00340000d30000000000001e00008900,4,4812,1
0,234,00112233445566778899aabbccddefe9,10,1,10,80,1,1,00000000008000000000000000000000,c7ac618844ed32fb5c3712f329528278,c7186188dced32fb5c37121529523f78,00b4000098000000000000e60000bd00,4,4812,1
0,235,00112233445566778899aabbccddefea,9,1,9,8a,3,1,0000000000008a000000000000000000,d0ac857dabaf9c2d9670f7de2d2fd41c,d0d4857d34af9c2d9670f7552d2f9f1c,007800009f0000000000008b00004b00,4,4812,1
0,236,00112233445566778899aabbccddefeb,2,1,2,24,2,1,00000000000000000000000000240000,0c0bfeeaa89fdb79e751b6f50f91cd8e,0c0bfe1da89f1179e7e8b6f51f91cd8e,000000f70000ca0000b9000010000000,4,1248,3
0,237,00112233445566778899aabbccddefec,1,1,1,68,3,1,00000000000000000000000000006800,25de97ce23291b2fb506d826585355e0,25de97422329592fb52ed826175355e0,0000008c00004200002800004f000000,4,1248,3
0,238,00112233445566778899aabbccddefed,14,1,14,03,2,1,00030000000000000000000000000000,4d58598e7ff7311fe2b169aa6aa6cf36,8158598e7ff7318ce2b104aa6a1fcf36,cc0000000000009300006d0000b90000,4,8124,2
0,239,00112233445566778899aabbccddefee,14,1,14,24,2,1,00240000000000000000000000000000,db47a0b218bd4567fc505c4811436103,5947a0b218bd45f3fc505e4811ff6103,82000000000000940000020000bc0000,4,8124,2
0,240,00112233445566778899aabbccddefef,10,1,10,68,3,1,00000000006800000000000000000000,106dc55bf3ec9c15923333c4c939ffc0,10c6c55b6bec9c15923333d6c9394bc0,00ab000098000000000000120000b400,4,4812,1
0,241,00112233445566778899aabbccddeff0,8,1,8,16,3,1,00000000000000160000000000000000,f482c2e3baf542e14e8e0b76ac3f21e4,f432c2e327f542e14e8e0bf0ac3fb6e4,00b000009d0000000000008600009700,4,4812,1
0,242,00112233445566778899aabbccddeff1,8,1,8,14,2,1,00000000000000140000000000000000,99cf1a10e37f2e2178996b6ca715c6dc,99291a10c57f2e2178996b5ea7157ddc,00e6000026000000000000320000bb00,4,4812,1
0,243,00112233445566778899aabbccddeff2,13,1,13,80,1,1,00008000000000000000000000000000,8969e93706d3145825f0260155ea367f,fa69e93706d314b725f01501559a367f,73000000000000ef0000330000700000,4,8124,2
0,244,00112233445566778899aabbccddeff3,9,1,9,80,1,1,00000000000080000000000000000000,65e0896a1f805ec91385589eaafce744,65e9896abd805ec9138558daaafcc044,00090000a20000000000004400002700,4,4812,1
0,245,00112233445566778899aabbccddeff4,6,1,6,8a,3,1,0000000000000000008a000000000000,f7bd8328a856e7d7c845f98dca5873da,f7bd6328a8c4e7d73c45f98dca58739b,0000e00000920000f400000000000041,4,2481,0
0,246,00112233445566778899aabbccddeff5,11,1,11,1a,3,1,000000001a0000000000000000000000,96d15001d084c6c652d5086ec2ef2e8e,96b050013d84c6c652d50821c2ef158e,00610000ed0000000000004f00003b00,4,4812,1
0,247,00112233445566778899aabbccddeff6,4,1,4,03,2,1,00000000000000000000000300000000,fb610c961579aa8cdb2067e037ab54b4,fb61b99615aaaa8cd32067e037ab54d3,0000b50000d300000800000000000067,4,2481,0
0,248,00112233445566778899aabbccddeff7,14,1,14,06,2,1,00060000000000000000000000000000,2c495a80068e3776a5f1a0d07da2bc6f,1f495a80068e37a8a5f19dd07d5dbc6f,33000000000000de00003d0000ff0000,4,8124,2
0,249,00112233445566778899aabbccddeff8,3,1,3,06,2,1,00000000000000000000000006000000,2830707cb39d288302a4c1f5261a8b6f,283070d5b39dc3830217c1f50e1a8b6f,000000a90000eb0000b3000028000000,4,1248,3
0,250,00112233445566778899aabbccddeff9,1,1,1,48,2,1,00000000000000000000000000004800,ddb6fcfea47e7c7a3a816b24c2d9964a,ddb6fc09a47eb27a3a2c6b24a5d9964a,000000f70000ce0000ad000067000000,4,1248,3
0,251,00112233445566778899aabbccddeffa,7,1,7,14,2,1,00000000000000001400000000000000,1a633bd47a652c189ab881c270755fab,1a639cd47ab92c1810b881c270755f2c,0000a70000dc00008a00000000000087,4,2481,0
0,252,00112233445566778899aabbccddeffb,9,1,9,50,2,1,00000000000050000000000000000000,29425a9a6a5eea17ecadbca24ebea27c,292f5a9a345eea17ecadbcf84ebe7e7c,006d00005e0000000000005a0000dc00,4,4812,1
0,253,00112233445566778899aabbccddeffc,12,1,12,4a,3,1,0000004a000000000000000000000000,40585e51fcb02a4b7c45c599eb871faa,56585e51fcb02a627c454799eb0a1faa,160000000000002900008200008d0000,4,8124,2
0,254,00112233445566778899aabbccddeffd,11,1,11,16,3,1,00000000160000000000000000000000,edb5a451aabf7b7c4562fe47487cc703,ed80a451b8bf7b7c4562fef3487c8803,0035000012000000000000b400004f00,4,4812,1
0,255,00112233445566778899aabbccddeffe,7,1,7,11,2,1,00000000000000001100000000000000,f827e04788d6e49f6c5d3ea90f2f2b84,f8272247886be49f715d3ea90f2f2bfa,0000c20000bd00001d0000000000007e,4,2481,0
0,256,00112233445566778899aabbccddefff,0,1,0,8a,3,1,0000000000000000000000000000008a,25985c8729feeb61e277f9b9adac2e03,25985c2b29fedc61e267f9b93dac2e03,000000ac000037000010000090000000,4,1248,3
0,257,00112233445566778899aabbccddf000,12,1,12,a8,3,1,000000a8000000000000000000000000,046df5e207bea8b70d72a246c98eea2c,186df5e207bea8310d724046c96cea2c,1c000000000000860000e20000e20000,4,8124,2
0,258,00112233445566778899aabbccddf001,15,1,15,4a,3,1,4a000000000000000000000000000000,41c5b062afdd11f188781606a3ea582c,d7c5b062afdd114988780d06a30f582c,96000000000000b800001b0000e50000,4,8124,2
0,259,00112233445566778899aabbccddf002,9,1,9,50,2,1,00000000000050000000000000000000,b94867d9b5219f9b60bee83a17c24b35,b94f67d918219f9b60bee8e817c24235,00070000ad000000000000d200000900,4,4812,1
0,260,00112233445566778899aabbccddf003,9,1,9,11,2,1,00000000000011000000000000000000,e74965acb6fb5b7f17380dab587c1dc6,e7ba65ac13fb5b7f17380d4a587c74c6,00f30000a5000000000000e100006900,4,4812,1
0,261,00112233445566778899aabbccddf004,10,1,10,03,2,1,00000000000300000000000000000000,9f59674e0db37df6e8d7b8d5c0b85e97,9fef674e94b37df6e8d7b809c0b8bf97,00b6000099000000000000dc0000e100,4,4812,1
0,262,00112233445566778899aabbccddf005,1,1,1,80,1,1,00000000000000000000000000008000,dcb3e67c59891b91af63b87ee00638e3,dcb3e64659895191afd4b87ea40638e3,0000003a00004a0000b7000044000000,4,1248,3
0,263,00112233445566778899aabbccddf006,9,1,9,01,1,1,00000000000001000000000000000000,9eaab2e333431aef4f2c887f149df578,9edfb2e390431aef4f2c8835149d7378,00750000a30000000000004a00008600,4,4812,1
0,264,00112233445566778899aabbccddf007,7,1,7,68,3,1,00000000000000006800000000000000,c4504ac78343d17b1602f58494e37216,c450dfc783bfd17ba302f58494e372bd,0000950000fc0000b5000000000000ab,4,2481,0
0,265,00112233445566778899aabbccddf008,0,1,0,06,2,1,00000000000000000000000000000006,e2141a4b74bd8c60f070f7f607cded66,e2141a2b74bd5f60f01df7f6e5cded66,000000600000d300006d0000e2000000,4,1248,3
0,266,00112233445566778899aabbccddf009,2,1,2,24,2,1,00000000000000000000000000240000,303dc9efd01ba62913bf062772c15a29,303dc98bd01b6829137f0627dfc15a29,000000640000ce0000c00000ad000000,4,1248,3
0,267,00112233445566778899aabbccddf00a,0,1,0,14,2,1,00000000000000000000000000000014,94af2c98151b3fbb79c856b4b6685ea6,94af2c1f151bf7bb791c56b4ec685ea6,000000870000c80000d400005a000000,4,1248,3
0,268,00112233445566778899aabbccddf00b,10,1,10,68,3,1,00000000006800000000000000000000,b0285c55522f2a7c5b2529ff92ad110d,b06e5c559a2f2a7c5b25299f92ad420d,00460000c80000000000006000005300,4,4812,1
0,269,00112233445566778899aabbccddf00c,3,1,3,24,2,1,00000000000000000000000024000000,3c6960b42918174ac196b98c9d61ad3b,3c69606a2918b24ac1e3b98cac61ad3b,000000de0000a5000075000031000000,4,1248,3
0,270,00112233445566778899aabbccddf00d,9,1,9,48,2,1,00000000000048000000000000000000,2742f2c15cc42d97ddb119d92496e7d1,27fbf2c110c42d97ddb119aa24969dd1,00b900004c0000000000007300007a00,4,4812,1
0,271,00112233445566778899aabbccddf00e,1,1,1,14,2,1,00000000000000000000000000001400,1ada816195abea5bb1a83f97dfe2f5b0,1ada81c795abd05bb1693f973ae2f5b0,000000a600003a0000c10000e5000000,4,1248,3
0,272,00112233445566778899aabbccddf00f,3,1,3,0b,3,1,0000000000000000000000000b000000,fcc2d08526987e0a0b3ec7e20dfda456,fcc2d03c26986f0a0b48c7e22dfda456,000000b9000011000076000020000000,4,1248,3
0,273,00112233445566778899aabbccddf010,11,1,11,16,3,1,00000000160000000000000000000000,98e3bbb543c9fd8304e188cbd8f23dc3,9810bbb5d8c9fd8304e18817d8f20bc3,00f300009b000000000000dc00003600,4,4812,1
0,274,00112233445566778899aabbccddf011,1,1,1,24,2,1,00000000000000000000000000002400,de82eb448a291d8315c98c3157c45735,de82ebf48a29978315cb8c31aac45735,000000b000008a0000020000fd000000,4,1248,3
0,275,00112233445566778899aabbccddf012,14,1,14,11,2,1,00110000000000000000000000000000,367d9532c6a2a1b0b8bb36a883b1c103,647d9532c6a2a15fb8bb61a8832fc103,52000000000000ef00005700009e0000,4,8124,2
0,276,00112233445566778899aabbccddf013,15,1,15,48,2,1,48000000000000000000000000000000,39b86b699b7efec33238a861916537eb,f1b86b699b7efed63238f061913637eb,c8000000000000150000580000530000,4,8124,2
0,277,00112233445566778899aabbccddf014,10,1,10,80,1,1,00000000008000000000000000000000,d9594acbbb5b5693d9698ca792512955,d9e74acb5e5b5693d9698c8c92512055,00be0000e50000000000002b00000900,4,4812,1
0,278,00112233445566778899aabbccddf015,15,1,15,48,2,1,48000000000000000000000000000000,8bc682f3c967587d435b086f5a14c646,16c682f3c9675823435bb06f5ab5c646,9d0000000000005e0000b80000a10000,4,8124,2
0,279,00112233445566778899aabbccddf016,2,1,2,a8,3,1,00000000000000000000000000a80000,9bf3e5c29f6690f6f1a0e12414375f43,9bf3e5249f66fff6f100e1242f375f43,000000e600006f0000a000003b000000,4,1248,3
0,280,00112233445566778899aabbccddf017,6,1,6,c0,2,1,000000000000000000c0000000000000,7bc6325d01771da5bc9eff8ad2b33a59,7bc6175d01441da5179eff8ad2b33adc,0000250000330000ab00000000000085,4,2481,0
0,281,00112233445566778899aabbccddf018,1,1,1,01,1,1,00000000000000000000000000000100,ab1ac79b5f067ed0ea94967828b7c85c,ab1ac72d5f06d9d0eae89678abb7c85c,000000b60000a700007c000083000000,4,1248,3
0,282,00112233445566778899aabbccddf019,0,1,0,8a,3,1,0000000000000000000000000000008a,1fe1e6301d8c9f4e87f5e907b19c8fbf,1fe1e6fd1d8c4b4e8787e907819c8fbf,000000cd0000d4000072000030000000,4,1248,3
0,283,00112233445566778899aabbccddf01a,5,1,5,c0,2,1,00000000000000000000c00000000000,d99e7cfc8dc68e0e75495256d40f51df,d99e49fc8d3b8e0e2d495256d40f510e,0000350000fd000058000000000000d1,4,2481,0
0,284,00112233445566778899aabbccddf01b,11,1,11,11,2,1,00000000110000000000000000000000,f1084fa39040e400de4a4d3e3b76171a,f1174fa35340e400de4a4d113b76f01a,001f0000c30000000000002f0000e700,4,4812,1
0,285,00112233445566778899aabbccddf01c,0,1,0,0a,2,1,0000000000000000000000000000000a,eac6869e246b62cc5f8bde417a1fe126,eac686ac246b15cc5f74de416e1fe126,000000320000770000ff000014000000,4,1248,3
0,286,00112233445566778899aabbccddf01d,7,1,7,24,2,1,00000000000000002400000000000000,eba95ba05a3ab1433f043a7c997b97da,eba94ba05ac9b143a9043a7c997b979a,0000100000f300009600000000000040,4,2481,0
0,287,00112233445566778899aabbccddf01e,1,1,1,c0,2,1,0000000000000000000000000000c000,543800eb1be462aec6e1da2b37e2f473,543800e11be478aec6f9da2b67e2f473,0000000a00001a000018000050000000,4,1248,3
0,288,00112233445566778899aabbccddf01f,1,1,1,01,1,1,00000000000000000000000000000100,df70976495684ec782c024f5f2cf6a60,df70975f9568e0c782cc24f5a1cf6a60,0000003b0000ae00000c000053000000,4,1248,3
0,289,00112233445566778899aabbccddf020,8,1,8,60,2,1,00000000000000600000000000000000,33990f099f9eba9803a8dad9fae1e0e0,335c0f09fc9eba9803a8daeefae12ae0,00c5000063000000000000370000ca00,4,4812,1
0,290,00112233445566778899aabbccddf021,6,1,6,c8,3,1,000000000000000000c8000000000000,5ecaf27bbd5d41fb8aab75828ee57d86,5eca487bbd5441fbbbab75828ee57d78,0000ba000009000031000000000000fe,4,2481,0
0,291,00112233445566778899aabbccddf022,12,1,12,28,2,1,00000028000000000000000000000000,c137c5ab6ee01e699f548b0b154b8d4c,cf37c5ab6ee01e059f54430b15d78d4c,0e0000000000006c0000c800009c0000,4,8124,2
0,292,00112233445566778899aabbccddf023,8,1,8,a8,3,1,00000000000000a80000000000000000,94e388653ca1b1c73c222625d274d278,940d886557a1b1c73c222665d274de78,00ee00006b0000000000004000000c00,4,4812,1
0,293,00112233445566778899aabbccddf024,14,1,14,48,2,1,00480000000000000000000000000000,3b4e53da7e3cd2cafa311ed9f7450b72,b94e53da7e3cd2f8fa31afd9f70e0b72,82000000000000320000b100004b0000,4,8124,2
0,294,00112233445566778899aabbccddf025,14,1,14,14,2,1,00140000000000000000000000000000,bbd8e3b3c16854f36934bf23e8649170,c2d8e3b3c168545a6934c323e8a99170,79000000000000a900007c0000cd0000,4,8124,2
0,295,00112233445566778899aabbccddf026,9,1,9,03,2,1,00000000000003000000000000000000,330b2f410625c0ada5b222aa1923e1d6,339f2f418325c0ada5b2220a1923f0d6,0094000085000000000000a000001100,4,4812,1
0,296,00112233445566778899aabbccddf027,6,1,6,14,2,1,00000000000000000014000000000000,32621729dea25277ef24118386fa76ad,3262a429de7352770824118386fa76d8,0000b30000d10000e700000000000075,4,2481,0
0,297,00112233445566778899aabbccddf028,4,1,4,68,3,1,00000000000000000000006800000000,f4df922b8f94a1e76978707b43d4e25c,f4df832b8feda1e7f778707b43d4e2ba,00001100007900009e000000000000e6,4,2481,0
0,298,00112233445566778899aabbccddf029,5,1,5,24,2,1,00000000000000000000240000000000,28ba393fe5767c7fdb815777e6a85668,28baa23fe5f77c7fa5815777e6a8564e,00009b00008100007e00000000000026,4,2481,0
0,299,00112233445566778899aabbccddf02a,14,1,14,c0,2,1,00c00000000000000000000000000000,d62e758bafe48da9e498e9b2514324f0,6b2e758bafe48dabe4988bb251e924f0,bd000000000000020000620000aa0000,4,8124,2
0,300,00112233445566778899aabbccddf02b,2,1,2,24,2,1,00000000000000000000000000240000,fefccd7cffc3839a9e736d0d4d04f9eb,fefccd8fffc3dd9a9e666d0dc004f9eb,000000f300005e00001500008d000000,4,1248,3
0,301,00112233445566778899aabbccddf02c,3,1,3,14,2,1,00000000000000000000000014000000,98b77b26f8aa59a4b2d6f339b5d1181b,98b77bfff8aa7ca4b229f339e2d1181b,000000d90000250000ff000057000000,4,1248,3
0,302,00112233445566778899aabbccddf02d,7,1,7,48,2,1,00000000000000004800000000000000,b5e2a07e2b02d99616de9d142c5c6d1e,b5e2b57e2bf1d996afde9d142c5c6d8a,0000150000f30000b900000000000094,4,2481,0
0,303,00112233445566778899aabbccddf02e,8,1,8,8a,3,1,000000000000008a0000000000000000,ecd21866fafbde839a7b11548db35f29,ecf7186607fbde839a7b11b58db30f29,00250000fd000000000000e100005000,4,4812,1
0,304,00112233445566778899aabbccddf02f,8,1,8,06,2,1,00000000000000060000000000000000,e98dfc4876f817ce8e6f35237acc6bf4,e902fc4840f817ce8e6f35cc7acc6ff4,008f000036000000000000ef00000400,4,4812,1
0,305,00112233445566778899aabbccddf030,12,1,12,0b,3,1,0000000b000000000000000000000000,be5e1368af70250f1477fa7949fb742a,ff5e1368af7025fd14771379497d742a,41000000000000f20000e90000860000,4,8124,2
0,306,00112233445566778899aabbccddf031,6,1,6,12,2,1,00000000000000000012000000000000,da5e65fb11228387312eafb34a4888d9,da5e52fb11958387502eafb34a488810,0000370000b7000061000000000000c9,4,2481,0
0,307,00112233445566778899aabbccddf032,10,1,10,24,2,1,00000000002400000000000000000000,a866ab43efe39a95b824cc5f8391546c,a8a5ab434de39a95b824ccfa8391d66c,00c30000a2000000000000a500008200,4,4812,1
0,308,00112233445566778899aabbccddf033,0,1,0,c8,3,1,000000000000000000000000000000c8,0c3a534e7c667bdf5110adb79d676bcf,0c3a535b7c6638df517badb798676bcf,0000001500004300006b000005000000,4,1248,3
0,309,00112233445566778899aabbccddf034,13,1,13,68,3,1,00006800000000000000000000000000,b3a50b2fdbafa06821a0caf44f2b03e1,95a50b2fdbafa04d21a0fcf44f3303e1,26000000000000250000360000180000,4,8124,2
0,310,00112233445566778899aabbccddf035,3,1,3,c0,2,1,000000000000000000000000c0000000,8ee7871bf89ffb9904631ed7e3c8fd9d,8ee78762f89f6f9904ba1ed78ec8fd9d,000000790000940000d900006d000000,4,1248,3
0,311,00112233445566778899aabbccddf036,8,1,8,07,3,1,00000000000000070000000000000000,de58e76d53191d14be8290cd4995d3a1,deaae76dcd191d14be8290cf499582a1,00f200009e0000000000000200005100,4,4812,1
0,312,00112233445566778899aabbccddf037,10,1,10,c8,3,1,0000000000c800000000000000000000,aab616ac7527ac5ee8f10723ea05e264,aa9516ac2b27ac5ee8f10777ea05dd64,002300005e0000000000005400003f00,4,4812,1
0,313,00112233445566778899aabbccddf038,9,1,9,11,2,1,00000000000011000000000000000000,785358b1298ecae220a79d46effb89fd,782b58b1018ecae220a79da0effb62fd,0078000028000000000000e60000eb00,4,4812,1
0,314,00112233445566778899aabbccddf039,2,1,2,24,2,1,00000000000000000000000000240000,ebea282d70d13b653737cd68e6d57e39,ebea28b270d198653757cd68d5d57e39,0000009f0000a3000060000033000000,4,1248,3
0,315,00112233445566778899aabbccddf03a,10,1,10,03,2,1,00000000000300000000000000000000,e32cbef09bd750b7847f7654fbfc78cd,e345bef02ad750b7847f7608fbfcd1cd,00690000b10000000000005c0000a900,4,4812,1
0,316,00112233445566778899aabbccddf03b,7,1,7,80,1,1,00000000000000008000000000000000,8479664a9d30daaa04c099f617a2289f,8479d14a9d72daaa26c099f617a2281c,0000b700004200002200000000000083,4,2481,0
0,317,00112233445566778899aabbccddf03c,5,1,5,06,2,1,00000000000000000000060000000000,c456a37e0cb6c987494669b0e1daf4c2,c4562f7e0ccec987184669b0e1daf4d8,00008c0000780000510000000000001a,4,2481,0
0,318,00112233445566778899aabbccddf03d,2,1,2,03,2,1,00000000000000000000000000030000,72ed90ed75317f554f709b5f0a8740a5,72ed90d775314b554f1d9b5f498740a5,0000003a00003400006d000043000000,4,1248,3
0,319,00112233445566778899aabbccddf03e,1,1,1,88,2,1,00000000000000000000000000008800,e123bc120a4d10d8011c2bc8fa620657,e123bcfa0a4d90d801f72bc8b5620657,000000e80000800000eb00004f000000,4,1248,3
1,0,00112233445566778899aabbccddf03f,15,1,15,60,2,1,60000000000000000000000000000000,74b6cfc17ad8d722cda299bdd117f128,11b6cfc17ad8d76dcda2b1bdd1cff128,650000000000004f0000280000d80000,4,8124,2
1,1,00112233445566778899aabbccddf040,4,1,4,0a,2,1,00000000000000000000000a00000000,39fb75d619e806ef512627979be82c5d,39fbd1d6199706efa32627979be82c53,0000a400007f0000f20000000000000e,4,2481,0
1,2,00112233445566778899aabbccddf041,11,1,11,60,2,1,00000000600000000000000000000000,95eee0db9f2cc455a8775944188f689a,9586e0db7f2cc455a877599b188fc29a,00680000e0000000000000df0000aa00,4,4812,1
1,3,00112233445566778899aabbccddf042,6,1,6,10,1,1,00000000000000000010000000000000,96592a3328d13cb7cf87683352f2fa8a,9659af3328853cb7ec87683352f2faa6,0000850000540000230000000000002c,4,2481,0
1,4,00112233445566778899aabbccddf043,10,1,10,40,1,1,00000000004000000000000000000000,2c11efcab3c6be3da8ab6a032ac00240,2c5aefca36c6be3da8ab6a1c2ac08440,004b0000850000000000001f00008600,4,4812,1
1,5,00112233445566778899aabbccddf044,13,1,13,10,1,1,00001000000000000000000000000000,51869533ab95bbf27c135d14f084a6ce,dc869533ab95bbf47c135f14f0aea6ce,8d0000000000000600000200002a0000,4,8124,2
1,6,00112233445566778899aabbccddf045,7,1,7,04,1,1,00000000000000000400000000000000,fa339be3a74e32256dba6f4360378caf,fa3380e3a7f43225a0ba6f4360378c8f,00001b0000ba0000cd00000000000020,4,2481,0
1,7,00112233445566778899aabbccddf046,9,1,9,50,2,1,00000000000050000000000000000000,8e0725f80973860a579dce3d916e6eba,8e5425f84d73860a579dce04916e27ba,00530000440000000000003900004900,4,4812,1
1,8,00112233445566778899aabbccddf047,1,1,1,20,1,1,00000000000000000000000000002000,8587dc0deefbf1c3fd3695e6cc49aaa3,8587dca9eefbeec3fd8895e6e849aaa3,000000a400001f0000be000024000000,4,1248,3
1,9,00112233445566778899aabbccddf048,2,1,2,11,2,1,00000000000000000000000000110000,44823dc479f6706a4363049c9aeda7a9,44823d7b79f6956a43a8049c15eda7a9,000000bf0000e50000cb00008f000000,4,1248,3
1,10,00112233445566778899aabbccddf049,15,1,15,03,2,1,03000000000000000000000000000000,0ca3c52211659987f036a478f115dac1,faa3c5221165993cf0365c78f19ddac1,f6000000000000bb0000f80000880000,4,8124,2
1,11,00112233445566778899aabbccddf04a,11,1,11,20,1,1,00000000200000000000000000000000,9ed2ca4646d7dec9298e429c92b9b14c,9e80ca460ad7dec9298e429692b9594c,005200004c0000000000000a0000e800,4,4812,1
1,12,00112233445566778899aabbccddf04b,15,1,15,40,1,1,40000000000000000000000000000000,57008e0d9eaaac57c77c3c5dd9c6cb40,d2008e0d9eaaacc3c77c5e5dd99acb40,850000000000009400006200005c0000,4,8124,2
1,13,00112233445566778899aabbccddf04c,6,1,6,01,1,1,00000000000000000001000000000000,a99e977a7fbafea591de954d293dfc58,a99ee27a7ff8fea587de954d293dfc71,00007500004200001600000000000029,4,2481,0
1,14,00112233445566778899aabbccddf04d,4,1,4,08,1,1,00000000000000000000000800000000,532e5f7799c9ff74cd847edb2bd621ba,532e38779978ff7437847edb2bd621ee,0000670000b10000fa00000000000054,4,2481,0
1,15,00112233445566778899aabbccddf04e,0,1,0,12,2,1,00000000000000000000000000000012,7c8e4fa6a18b406104490ad24625b6aa,7c8e4fa5a18b5b61049b0ad2dd25b6aa,0000000300001b0000d200009b000000,4,1248,3
1,16,00112233445566778899aabbccddf04f,8,1,8,02,1,1,00000000000000020000000000000000,90605e5ae1b82bfc11d21796991999bc,90fc5e5a07b82bfc11d2172699196ebc,009c0000e6000000000000b00000f700,4,4812,1
1,17,00112233445566778899aabbccddf050,3,1,3,80,1,1,00000000000000000000000080000000,567e2b5eddb0851e904bc180128ec9c7,567e2b4bddb0e31e90e9c180d98ec9c7,000000150000660000a20000cb000000,4,1248,3
1,18,00112233445566778899aabbccddf051,12,1,12,08,1,1,00000008000000000000000000000000,ec9d1faeb8b61e5aed661193ed230cf2,9d9d1faeb8b61edfed66b893edb90cf2,71000000000000850000a900009a0000,4,8124,2
1,19,00112233445566778899aabbccddf052,7,1,7,40,1,1,00000000000000004000000000000000,ffad1d78d194138544d591afcc62b6fa,ffadd178d1ba138532d591afcc62b623,0000cc00002e000076000000000000d9,4,2481,0
1,20,00112233445566778899aabbccddf053,9,1,9,08,1,1,00000000000008000000000000000000,9e33ab3480b9aaea795608637979b357,9e2bab3458b9aaea795608a779796557,00180000d8000000000000c40000d600,4,4812,1
1,21,00112233445566778899aabbccddf054,0,1,0,04,1,1,00000000000000000000000000000004,1b74347c8321e588773cc9f82947e65b,1b74342a832158887701c9f8b447e65b,000000560000bd00003d00009d000000,4,1248,3
1,22,00112233445566778899aabbccddf055,7,1,7,0a,2,1,00000000000000000a00000000000000,9b9e854c7721afc97b99501d13de35b1,9b9ed24c7712afc9c799501d13de3548,0000570000330000bc000000000000f9,4,2481,0
1,23,00112233445566778899aabbccddf056,1,1,1,01,1,1,00000000000000000000000000000100,82288c7fc8d1cde036efc200a142c45e,82288c56c8d151e036c4c200f242c45e,0000002900009c00002b000053000000,4,1248,3
1,24,00112233445566778899aabbccddf057,4,1,4,24,2,1,00000000000000000000002400000000,9f884169a32e522dd4026ef82dc2f6d2,9f88bb69a30c522db5026ef82dc2f6b5,0000fa00002200006100000000000067,4,2481,0
1,25,00112233445566778899aabbccddf058,3,1,3,02,1,1,00000000000000000000000002000000,ef65ea02d32e00887bc32fde3bc62bbd,ef65eaebd32e9f887b642fde51c62bbd,000000e900009f0000a700006a000000,4,1248,3
1,26,00112233445566778899aabbccddf059,8,1,8,01,1,1,00000000000000010000000000000000,6d3a99254903b57fa7ba7b596c210834,6d3199252b03b57fa7ba7b2c6c21cf34,000b000062000000000000750000c700,4,4812,1
1,27,00112233445566778899aabbccddf05a,13,1,13,40,1,1,00004000000000000000000000000000,3e8f45184f720a4abc4eafed04117abf,e58f45184f720a06bc4eaded047e7abf,db0000000000004c00000200006f0000,4,8124,2
1,28,00112233445566778899aabbccddf05b,4,1,4,02,1,1,00000000000000000000000200000000,3dbbfd274832a5d264b2d299f39bee44,3dbbfc27486fa5d2acb2d299f39beed3,00000100005d0000c800000000000097,4,2481,0
1,29,00112233445566778899aabbccddf05c,0,1,0,20,1,1,00000000000000000000000000000020,29a1ba6993f268ba0a4d76e107a69b15,29a1baf693f24eba0a8d76e18ea69b15,0000009f0000260000c0000089000000,4,1248,3
1,30,00112233445566778899aabbccddf05d,15,1,15,40,1,1,40000000000000000000000000000000,9c6d71c7c4b0912a77443d507a24da5d,116d71c7c4b09141774493507ad2da5d,8d0000000000006b0000ae0000f60000,4,8124,2
1,31,00112233445566778899aabbccddf05e,8,1,8,14,2,1,00000000000000140000000000000000,92120d2c3dcee573f0288851d8b0c8ce,92dc0d2c2dcee573f02888f6d8b081ce,00ce000010000000000000a700004900,4,4812,1
1,32,00112233445566778899aabbccddf05f,3,1,3,24,2,1,00000000000000000000000024000000,16f8224f747a087f66aff31440f64f01,16f8222e747a387f6608f314bdf64f01,000000610000300000a70000fd000000,4,1248,3
1,33,00112233445566778899aabbccddf060,7,1,7,80,1,1,00000000000000008000000000000000,5897074ce75d0abe28458501bf82ee45,58979d4ce7f10abee0458501bf82ee50,00009a0000ac0000c800000000000015,4,2481,0
1,34,00112233445566778899aabbccddf061,5,1,5,24,2,1,00000000000000000000240000000000,7195241b7585bc02a6b5ca2bc30bcabe,7195f51b7517bc02c2b5ca2bc30bca6c,0000d1000092000064000000000000d2,4,2481,0
1,35,00112233445566778899aabbccddf062,7,1,7,20,1,1,00000000000000002000000000000000,edf950ab5d2b00089df372fe67517743,edf971ab5d22000862f372fe67517770,0000210000090000ff00000000000033,4,2481,0
1,36,00112233445566778899aabbccddf063,7,1,7,06,2,1,00000000000000000600000000000000,af9cc9c12160b6f2619bf270cd08f00b,af9c52c1210fb6f2e49bf270cd08f06f,00009b00006f00008500000000000064,4,2481,0
1,37,00112233445566778899aabbccddf064,4,1,4,c0,2,1,0000000000000000000000c000000000,f5c7f16a18813a8ede555c936ef5ac0b,f5c7906a185a3a8e38555c936ef5ac4a,0000610000db0000e600000000000041,4,2481,0
1,38,00112233445566778899aabbccddf065,15,1,15,40,1,1,40000000000000000000000000000000,b448170bb4670cd851600dabebbf4132,2e48170bb4670c6e516037abeb054132,9a000000000000b600003a0000ba0000,4,8124,2
1,39,00112233445566778899aabbccddf066,11,1,11,40,1,1,00000000400000000000000000000000,ff7e37143374b516a1377f12b9656042,ffb93714eb74b516a1377f3cb9654d42,00c70000d80000000000002e00002d00,4,4812,1
1,40,00112233445566778899aabbccddf067,12,1,12,c0,2,1,000000c0000000000000000000000000,03421fc89c27327ab1526de5329d9cd5,29421fc89c273250b152e0e532289cd5,2a0000000000002a00008d0000b50000,4,8124,2
1,41,00112233445566778899aabbccddf068,5,1,5,02,1,1,00000000000000000000020000000000,0ac92d66da189fbee82ee6716771df7a,0ac95d66da9e9fbecd2ee6716771df27,0000700000860000250000000000005d,4,2481,0
1,42,00112233445566778899aabbccddf069,2,1,2,80,1,1,00000000000000000000000000800000,bdd5ddb1a59428015e24b298623c3bc5,bdd5dd03a594aa015ef0b298a53c3bc5,000000b20000820000d40000c7000000,4,1248,3
1,43,00112233445566778899aabbccddf06a,3,1,3,08,1,1,00000000000000000000000008000000,c7dea2986810f24cc20530af86cc8a0d,c7dea26268104e4cc29330af1bcc8a0d,000000fa0000bc00009600009d000000,4,1248,3
1,44,00112233445566778899aabbccddf06b,9,1,9,40,1,1,00000000000040000000000000000000,34778bdc5ed718791d821637e5213bee,34ae8bdc6fd718791d8216efe5212fee,00d9000031000000000000d800001400,4,4812,1
1,45,00112233445566778899aabbccddf06c,2,1,2,02,1,1,00000000000000000000000000020000,a4adc601d63c4012e2534540757822a1,a4adc67dd63c8b12e25a4540207822a1,0000007c0000cb000009000055000000,4,1248,3
1,46,00112233445566778899aabbccddf06d,14,1,14,40,1,1,00400000000000000000000000000000,3695af63609cde5274f9682017121748,4695af63609cde1774f9472017f21748,700000000000004500002f0000e00000,4,8124,2
1,47,00112233445566778899aabbccddf06e,5,1,5,0a,2,1,000000000000000000000a0000000000,7391e8bb1eabe123bb52e249421567fa,739191bb1ed6e123c852e24942156733,00007900007d000073000000000000c9,4,2481,0
1,48,00112233445566778899aabbccddf06f,7,1,7,01,1,1,00000000000000000100000000000000,7abfced8913972463440b1ab8da0ce12,7abf94d8911072464840b1ab8da0ce00,00005a00002900007c00000000000012,4,2481,0
1,49,00112233445566778899aabbccddf070,1,1,1,01,1,1,00000000000000000000000000000100,aedeb42fd76a28f30a129398a7ad46c2,aedeb441d76a84f30aa693982ead46c2,0000006e0000ac0000b4000089000000,4,1248,3
1,50,00112233445566778899aabbccddf071,9,1,9,08,1,1,00000000000008000000000000000000,bed524b062c17a1b7ca167fd83c1c752,beb224b0a6c17a1b7ca167f683c13752,00670000c40000000000000b0000f000,4,4812,1
1,51,00112233445566778899aabbccddf072,0,1,0,02,1,1,00000000000000000000000000000002,c75d004dea8d190435fbf83ed579b20b,c75d0099ea8d5a043541f83ec179b20b,000000d40000430000ba000014000000,4,1248,3
1,52,00112233445566778899aabbccddf073,3,1,3,10,1,1,00000000000000000000000010000000,000a767cb0461739d7877c242ba3832b,000a760db046ed39d7417c244aa3832b,000000710000fa0000c6000061000000,4,1248,3
1,53,00112233445566778899aabbccddf074,7,1,7,40,1,1,00000000000000004000000000000000,5022802751db0db9848f7cc6813c539c,5022262751000db90a8f7cc6813c530c,0000a60000db00008e00000000000090,4,2481,0
1,54,00112233445566778899aabbccddf075,6,1,6,40,1,1,00000000000000000040000000000000,bbd9297be7dae6f9719436915d791361,bbd94e7be72ce6f9509436915d791305,0000670000f600002100000000000064,4,2481,0
1,55,00112233445566778899aabbccddf076,10,1,10,08,1,1,00000000000800000000000000000000,04a10136a411517b8ea60ca9c8ff0831,04310136ab11517b8ea60cb8c8ff0b31,009000000f0000000000001100000300,4,4812,1
1,56,00112233445566778899aabbccddf077,8,1,8,10,1,1,00000000000000100000000000000000,ea392fcac39e62ef1225f0303ff287a4,ea932fcaa49e62ef1225f0b03ff2b7a4,00aa0000670000000000008000003000,4,4812,1
1,57,00112233445566778899aabbccddf078,15,1,15,10,1,1,10000000000000000000000000000000,8b788f4b0f9d2798b9c138e48e53a23c,25788f4b0f9d27efb9c10be48ecea23c,ae0000000000007700003300009d0000,4,8124,2
1,58,00112233445566778899aabbccddf079,10,1,10,80,1,1,00000000008000000000000000000000,f02f08c148e73963aca5a1f3f54ff91e,f01408c1aee73963aca5a115f54f641e,003b0000e6000000000000e600009d00,4,4812,1
1,59,00112233445566778899aabbccddf07a,11,1,11,12,2,1,00000000120000000000000000000000,d2915ed9ac1b30a18744f0493da75b2e,d2895ed98f1b30a18744f0943da7e42e,0018000023000000000000dd0000bf00,4,4812,1
1,60,00112233445566778899aabbccddf07b,6,1,6,01,1,1,00000000000000000001000000000000,708d994040b2c0647d0d5ed1083a8931,708d784040e8c064210d5ed1083a89f9,0000e100005a00005c000000000000c8,4,2481,0
1,61,00112233445566778899aabbccddf07c,0,1,0,c0,2,1,000000000000000000000000000000c0,4a72ec88b53218119c0317e24f521006,4a72ec22b53255119caa17e265521006,000000aa00004d0000a900002a000000,4,1248,3
1,62,00112233445566778899aabbccddf07d,5,1,5,08,1,1,00000000000000000000080000000000,b5c6f6f25ca5a06d6509ff1c1786a9d2,b5c610f25ca6a06d4109ff1c1786a983,0000e600000300002400000000000051,4,2481,0
1,63,00112233445566778899aabbccddf07e,15,1,15,02,1,1,02000000000000000000000000000000,1058e9d1637e696bd14178121a95ddae,7f58e9d1637e69aed141e4121a2bddae,6f000000000000c500009c0000be0000,4,8124,2
1,64,00112233445566778899aabbccddf07f,15,1,15,04,1,1,04000000000000000000000000000000,2fdad5d86d4f6ba2e8a6572aab6db988,4ddad5d86d4f6b4ce8a6e12aab05b988,62000000000000ee0000b60000680000,4,8124,2
1,65,00112233445566778899aabbccddf080,0,1,0,10,1,1,00000000000000000000000000000010,763aa03d17caeccc16c2c2186e1aec9a,763aa0f517cab6cc16f8c218911aec9a,000000c800005a00003a0000ff000000,4,1248,3
1,66,00112233445566778899aabbccddf081,10,1,10,88,2,1,00000000008800000000000000000000,904f22bf3fe49232c8f6251580eff9bb,905e22bf35e49232c8f6254b80ef1abb,001100000a0000000000005e0000e300,4,4812,1
1,67,00112233445566778899aabbccddf082,6,1,6,04,1,1,00000000000000000004000000000000,05fe5e8b7de0d68c00689451bb51f7cc,05fea48b7d70d68c2f689451bb51f7ec,0000fa00009000002f00000000000020,4,2481,0
1,68,00112233445566778899aabbccddf083,0,1,0,80,1,1,00000000000000000000000000000080,fdcf24fed9b609b5bb373fb3ebdfa540,fdcf2492d9b610b5bb4a3fb361dfa540,0000006c00001900007d00008a000000,4,1248,3
1,69,00112233445566778899aabbccddf084,0,1,0,26,3,1,00000000000000000000000000000026,92821155b3532a7fa6b34281d807baed,92821194b353a47fa6c942814d07baed,000000c100008e00007a000095000000,4,1248,3
1,70,00112233445566778899aabbccddf085,5,1,5,a8,3,1,00000000000000000000a80000000000,3a1ed6cbaf35f65f9ab150798b3074f7,3a1e92cbaffef65f83b150798b3074c7,0000440000cb00001900000000000030,4,2481,0
1,71,00112233445566778899aabbccddf086,0,1,0,02,1,1,00000000000000000000000000000002,06bf78f689abcf540b063f8989f0935f,06bf784689ab5f540bf43f897af0935f,000000b00000900000f20000f3000000,4,1248,3
1,72,00112233445566778899aabbccddf087,0,1,0,c0,2,1,000000000000000000000000000000c0,e7bbc8cc68d92389c8de2eb480e6d74e,e7bbc85868d99e89c8882eb4dfe6d74e,000000940000bd00005600005f000000,4,1248,3
1,73,00112233445566778899aabbccddf088,15,1,15,01,1,1,01000000000000000000000000000000,722686c49d28f639fb1a3158f2697ded,7d2686c49d28f69ffb1a7258f2597ded,0f000000000000a60000430000300000,4,8124,2
1,74,00112233445566778899aabbccddf089,6,1,6,04,1,1,00000000000000000004000000000000,709ef4318b34e1ec62a57d1086b3f2ea,709e91318baee1ec02a57d1086b3f26d,00006500009a00006000000000000087,4,2481,0
1,75,00112233445566778899aabbccddf08a,0,1,0,10,1,1,00000000000000000000000000000010,fb8b3925aff246b3f7353e7b141b4755,fb8b398aaff221b3f7523e7bd11b4755,000000af0000670000670000c5000000,4,1248,3
1,76,00112233445566778899aabbccddf08b,15,1,15,04,1,1,04000000000000000000000000000000,5693f036c7d6a6c58325f99b0225e2a9,9893f036c7d6a6588325839b02bde2a9,ce0000000000009d00007a0000980000,4,8124,2
1,77,00112233445566778899aabbccddf08c,11,1,11,20,1,1,00000000200000000000000000000000,0cf6d64041a9c14d5bffe158adc1a4c4,0cbbd640c7a9c14d5bffe18aadc188c4,004d000086000000000000d200002c00,4,4812,1
1,78,00112233445566778899aabbccddf08d,0,1,0,11,2,1,00000000000000000000000000000011,84296d664481294ff7058648e683a08a,84296d234481124ff75286484983a08a,0000004500003b0000570000af000000,4,1248,3
1,79,00112233445566778899aabbccddf08e,15,1,15,10,1,1,10000000000000000000000000000000,d578f77f1988ab52a948055095c7677f,9778f77f1988abf0a9485f5095b4677f,42000000000000a200005a0000730000,4,8124,2
1,80,00112233445566778899aabbccddf08f,10,1,10,e8,4,1,0000000000e800000000000000000000,3c81ae7e1b0a8874183c81e324dae0df,3c27ae7e830a8874183c81d924da73df,00a60000980000000000003a00009300,4,4812,1
1,81,00112233445566778899aabbccddf090,6,1,6,14,2,1,00000000000000000014000000000000,3fbed86ef6320bd48a459b0f9112ef04,3fbe516ef6040bd4f3459b0f9112ef0d,00008900003600007900000000000009,4,2481,0
1,82,00112233445566778899aabbccddf091,0,1,0,14,2,1,00000000000000000000000000000014,aa003c8488465b4d2ad66b5b95050ceb,aa003caa88466b4d2a296b5b41050ceb,0000002e0000300000ff0000d4000000,4,1248,3
1,83,00112233445566778899aabbccddf092,10,1,10,60,2,1,00000000006000000000000000000000,40a6ca3eb775bff002a4eb9d1c8b85c7,40afca3e2c75bff002a4eb951c8b43c7,000900009b000000000000080000c600,4,4812,1
1,84,00112233445566778899aabbccddf093,1,1,1,08,1,1,00000000000000000000000000000800,3f4404afcb6edc3a8102b8c09da50108,3f4404accb6e933a81e3b8c0cda50108,0000000300004f0000e1000050000000,4,1248,3
1,85,00112233445566778899aabbccddf094,0,1,0,20,1,1,00000000000000000000000000000020,f5b898b8a8dbcf33b597e2a243dc4b4a,f5b89843a8db9c33b5bbe2a2eddc4b4a,000000fb00005300002c0000ae000000,4,1248,3
1,86,00112233445566778899aabbccddf095,9,1,9,e8,4,1,000000000000e8000000000000000000,17875922b0a9c269fa1adf38fb7de2e0,1768592269a9c269fa1adfdefb7d0ce0,00ef0000d9000000000000e60000ee00,4,4812,1
1,87,00112233445566778899aabbccddf096,12,1,12,50,2,1,00000050000000000000000000000000,54524ffbb50086a2a3f020d47f2acdb3,10524ffbb50086eba3f03bd47fdccdb3,440000000000004900001b0000f60000,4,8124,2
1,88,00112233445566778899aabbccddf097,7,1,7,48,2,1,00000000000000004800000000000000,74da54585304477d2793ae95152e676f,74daaa5853e3477dba93ae95152e67d2,0000fe0000e700009d000000000000bd,4,2481,0
1,89,00112233445566778899aabbccddf098,9,1,9,01,1,1,00000000000001000000000000000000,9da5dbf639e9a91bbb1000a6901d4ed1,9de8dbf68ee9a91bbb1000d3901db3d1,004d0000b7000000000000750000fd00,4,4812,1
1,90,00112233445566778899aabbccddf099,6,1,6,e4,4,1,000000000000000000e4000000000000,b9e113104978dc66d20c8f405897db22,b9e136104960dc66300c8f405897dbc4,0000250000180000e2000000000000e6,4,2481,0
1,91,00112233445566778899aabbccddf09a,8,1,8,80,1,1,00000000000000800000000000000000,7049578529acfe46b228b9e0a1fbbd88,70c357857eacfe46b228b92ea1fbb188,008a000057000000000000ce00000c00,4,4812,1
1,92,00112233445566778899aabbccddf09b,10,1,10,c0,2,1,0000000000c000000000000000000000,2fae8f47c1d7d39f7b75e65469e72710,2f2d8f47a0d7d39f7b75e64e69e71310,00830000610000000000001a00003400,4,4812,1
1,93,00112233445566778899aabbccddf09c,15,1,15,03,2,1,03000000000000000000000000000000,d11b6f0caeef2bbb3b0d2ddee09141bf,a61b6f0caeef2bc03b0db0dee0a641bf,770000000000007b00009d0000370000,4,8124,2
1,94,00112233445566778899aabbccddf09d,4,1,4,40,1,1,00000000000000000000004000000000,dc62632b18a090ca6ddd221970539527,dc62912b18ac90ca06dd221970539524,0000f200000c00006b00000000000003,4,2481,0
1,95,00112233445566778899aabbccddf09e,1,1,1,10,1,1,00000000000000000000000000001000,56084f61fe0f075eed4d554a35b97cb8,56084fdffe0fa85eed0e554a67b97cb8,000000be0000af000043000052000000,4,1248,3
1,96,00112233445566778899aabbccddf09f,9,1,9,10,1,1,00000000000010000000000000000000,d4b12a9f131f59a9172d4d652aba788a,d4c02a9fcb1f59a9172d4df82aba8b8a,00710000d80000000000009d0000f300,4,4812,1
1,97,00112233445566778899aabbccddf0a0,10,1,10,60,2,1,00000000006000000000000000000000,efa821f852f6d129395b1049628d31c9,ef7821f89bf6d129395b1069628de5c9,00d00000c9000000000000200000d400,4,4812,1
1,98,00112233445566778899aabbccddf0a1,9,1,9,c0,2,1,000000000000c0000000000000000000,acd46aff5520d82d31e5c580d331ab05,ac0f6aff4f20d82d31e5c532d331c505,00db00001a000000000000b200006e00,4,4812,1
1,99,00112233445566778899aabbccddf0a2,3,1,3,03,2,1,00000000000000000000000003000000,52fc0a8c00d269d19db54caa641d5625,52fc0aa200d27dd19d744caa001d5625,0000002e0000140000c1000064000000,4,1248,3
1,100,00112233445566778899aabbccddf0a3,10,1,10,12,2,1,00000000001200000000000000000000,c77793a39c74f51c33782878c941824e,c72293a37074f51c337828e0c941b34e,00550000ec0000000000009800003100,4,4812,1
1,101,00112233445566778899aabbccddf0a4,14,1,14,20,1,1,00200000000000000000000000000000,ab3812eeeb85caf4c1599c27d56a105c,2b3812eeeb85ca4ac1594227d500105c,80000000000000be0000de00006a0000,4,8124,2
1,102,00112233445566778899aabbccddf0a5,4,1,4,10,1,1,00000000000000000000001000000000,31814a2278b1900a695127bed134464b,3181d82278cc900af65127bed1344629,00009200007d00009f00000000000062,4,2481,0
1,103,00112233445566778899aabbccddf0a6,3,1,3,04,1,1,00000000000000000000000004000000,c5344dc3de2803de676f1719aef22b99,c5344da9de28e9de677a17195df22b99,0000006a0000ea0000150000f3000000,4,1248,3
1,104,00112233445566778899aabbccddf0a7,8,1,8,ca,4,1,00000000000000ca0000000000000000,889f75f5ace0bb4b616ec5dd89c537ab,88e675f5f1e0bb4b616ec52889c5f2ab,007900005d000000000000f50000c500,4,4812,1
1,105,00112233445566778899aabbccddf0a8,13,1,13,28,2,1,00002800000000000000000000000000,3c85991bb2aa6aaeeac055d68cc2a578,b285991bb2aa6ad0eac062d68cc4a578,8e0000000000007e0000370000060000,4,8124,2
1,106,00112233445566778899aabbccddf0a9,6,1,6,20,1,1,00000000000000000020000000000000,51f6a7c32a16ec7a09effec8dac3c4a2,51f683c32adcec7a23effec8dac3c46c,0000240000ca00002a000000000000ce,4,2481,0
1,107,00112233445566778899aabbccddf0aa,2,1,2,60,2,1,00000000000000000000000000600000,4e8c6b4fee126aa18293ef34c4ccf044,4e8c6bd8ee12aca1823def3418ccf044,000000970000c60000ae0000dc000000,4,1248,3
1,108,00112233445566778899aabbccddf0ab,11,1,11,04,1,1,00000000040000000000000000000000,be89abea4c43b8ba599743b8dc8f5012,beb7abea6143b8ba5997434edc8f0612,003e00002d000000000000f600005600,4,4812,1
1,109,00112233445566778899aabbccddf0ac,10,1,10,08,1,1,00000000000800000000000000000000,bbdeb6f4f8024b9378dd79b81599d2a4,bb77b6f4cc024b9378dd79a915992ea4,00a9000034000000000000110000fc00,4,4812,1
1,110,00112233445566778899aabbccddf0ad,5,1,5,6c,4,1,000000000000000000006c0000000000,689eb425daf1caf4c88251feefbe401e,689e8325da3ccaf4568251feefbe40e4,0000370000cd00009e000000000000fa,4,2481,0
1,111,00112233445566778899aabbccddf0ae,4,1,4,c0,2,1,0000000000000000000000c000000000,3f5d12ce4703b85cdf402d88e8cdf6d5,3f5d7cce4732b85c63402d88e8cdf65c,00006e0000310000bc00000000000089,4,2481,0
1,112,00112233445566778899aabbccddf0af,7,1,7,40,1,1,00000000000000004000000000000000,94aab80a05b946c95b3df765969777c7,94aa950a055646c9e83df7659697770b,00002d0000ef0000b3000000000000cc,4,2481,0
1,113,00112233445566778899aabbccddf0b0,11,1,11,80,1,1,00000000800000000000000000000000,fae952e4c92bb537e6c9d4b15f62162f,fa2652e4f22bb537e6c9d4d05f62222f,00cf00003b0000000000006100003400,4,4812,1
1,114,00112233445566778899aabbccddf0b1,6,1,6,40,1,1,00000000000000000040000000000000,99bcaeca3e3cd1ddab9464d3f54fa055,99bc41ca3ef8d1dd3f9464d3f54fa014,0000ef0000c400009400000000000041,4,2481,0
1,115,00112233445566778899aabbccddf0b2,3,1,3,01,1,1,00000000000000000000000001000000,019b07bc0f02a0027c8a9eef05db8ffe,019b07ee0f0216027c599eef8ddb8ffe,000000520000b60000d3000088000000,4,1248,3
1,116,00112233445566778899aabbccddf0b3,5,1,5,08,1,1,00000000000000000000080000000000,e185bb532e63fea4f750effe3b69c1ce,e18577532e7ffea48950effe3b69c1b0,0000cc00001c00007e0000000000007e,4,2481,0
1,117,00112233445566778899aabbccddf0b4,12,1,12,02,1,1,00000002000000000000000000000000,3e9b181e862f5841af27e38a37641a83,c49b181e862f585caf27898a37e31a83,fa0000000000001d00006a0000870000,4,8124,2
1,118,00112233445566778899aabbccddf0b5,7,1,7,08,1,1,00000000000000000800000000000000,03fbd5df07b8e9eac96b26f93cac2306,03fb2fdf0726e9ea5a6b26f93cac2369,0000fa00009e0000930000000000006f,4,2481,0
1,119,00112233445566778899aabbccddf0b6,13,1,13,c0,2,1,0000c000000000000000000000000000,543e87171aa0152fe0d0ea9e1a289059,a33e87171aa015e2e0d0939e1aeb9059,f7000000000000cd0000790000c30000,4,8124,2
1,120,00112233445566778899aabbccddf0b7,7,1,7,01,1,1,00000000000000000100000000000000,33e51227a28a37f736db0290f3c59386,33e5de27a2b337f797db0290f3c593fd,0000cc0000390000a10000000000007b,4,2481,0
1,121,00112233445566778899aabbccddf0b8,13,1,13,02,1,1,00000200000000000000000000000000,d51ab729d9b8b885d59d1434d6164846,c81ab729d9b8b865d59d0834d6714846,1d000000000000e000001c0000670000,4,8124,2
1,122,00112233445566778899aabbccddf0b9,0,1,0,20,1,1,00000000000000000000000000000020,c1789648023feab7362354060c827b87,c1789649023f50b73656540657827b87,000000010000ba00007500005b000000,4,1248,3
1,123,00112233445566778899aabbccddf0ba,13,1,13,01,1,1,00000100000000000000000000000000,cf3f4931c267a086092dd44c25a4e746,a43f4931c267a0a4092d194c2540e746,6b000000000000220000cd0000e40000,4,8124,2
1,124,00112233445566778899aabbccddf0bb,9,1,9,20,1,1,00000000000020000000000000000000,e2e87aafbbbbda48e0e4e4f1584cda4c,e2827aaf7bbbda48e0e4e4e9584c6b4c,006a0000c0000000000000180000b100,4,4812,1
1,125,00112233445566778899aabbccddf0bc,7,1,7,24,2,1,00000000000000002400000000000000,e0adf92cc63cdb8dd5f04414fc5918bc,e0adc12cc6d7db8d31f04414fc5918b3,0000380000eb0000e40000000000000f,4,2481,0
1,126,00112233445566778899aabbccddf0bd,10,1,10,01,1,1,00000000000100000000000000000000,d68b85f707e18a329da5d51d2cea57a2,d64485f716e18a329da5d5452ceabda2,00cf000011000000000000580000ea00,4,4812,1
1,127,00112233445566778899aabbccddf0be,1,1,1,e4,4,1,0000000000000000000000000000e400,404b2d0b9a700caa2b4879c168e7dde0,404b2d829a70feaa2ba979c10ae7dde0,000000890000f20000e1000062000000,4,1248,3
1,128,00112233445566778899aabbccddf0bf,4,1,4,48,2,1,00000000000000000000004800000000,23aeb79500d4c5c62de5629dae6fa7e4,23ae66950069c5c649e5629dae6fa795,0000d10000bd00006400000000000071,4,2481,0
1,129,00112233445566778899aabbccddf0c0,10,1,10,24,2,1,00000000002400000000000000000000,f2969ead5f9011e9aa2fccaf93d4fd20,f2df9ead029011e9aa2fccf993d47a20,004900005d0000000000005600008700,4,4812,1
1,130,00112233445566778899aabbccddf0c1,14,1,14,40,1,1,00400000000000000000000000000000,afe383a71bc57647c6a5a812d1852f53,b2e383a71bc57618c6a54012d1fe2f53,1d0000000000005f0000e800007b0000,4,8124,2
1,131,00112233445566778899aabbccddf0c2,14,1,14,0a,2,1,000a0000000000000000000000000000,541441fa47f4fcb6e5dc79dbea22e692,011441fa47f4fc9ce5dc9adbeaade692,550000000000002a0000e300008f0000,4,8124,2
1,132,00112233445566778899aabbccddf0c3,1,1,1,10,1,1,00000000000000000000000000001000,37e2f69bdbc41ba13864d9e0396da2da,37e2f690dbc484a138bad9e04d6da2da,0000000b00009f0000de000074000000,4,1248,3
1,133,00112233445566778899aabbccddf0c4,8,1,8,08,1,1,00000000000000080000000000000000,d48974ebc314ab3b6f4ea4b456f17f60,d4eb74ebab14ab3b6f4ea44a56f18460,0062000068000000000000fe0000fb00,4,4812,1
1,134,00112233445566778899aabbccddf0c5,15,1,15,02,1,1,02000000000000000000000000000000,bdb7bf43bf2da7bb059f97277d7c5b36,79b7bf43bf2da7d5059f8b277dbe5b36,c40000000000006e00001c0000c20000,4,8124,2
1,135,00112233445566778899aabbccddf0c6,5,1,5,24,2,1,00000000000000000000240000000000,4ba1b0f1d736fa0156b576982f72fe72,4ba137f1d76dfa0113b576982f72fe81,00008700005b000045000000000000f3,4,2481,0
1,136,00112233445566778899aabbccddf0c7,2,1,2,04,1,1,00000000000000000000000000040000,d77c608bf2900bf5564bceac759a5210,d77c60adf290e3f5561aceacc39a5210,000000260000e80000510000b6000000,4,1248,3
1,137,00112233445566778899aabbccddf0c8,13,1,13,80,1,1,00008000000000000000000000000000,1d537ed1f9d05fe7166411c10afa8e1e,b3537ed1f9d05f2f1664aac10ac98e1e,ae000000000000c80000bb0000330000,4,8124,2
1,138,00112233445566778899aabbccddf0c9,3,1,3,07,3,1,00000000000000000000000007000000,d991ca8e0e115563f556a1744da06b6c,d991ca4d0e112b63f52ea1748aa06b6c,000000c300007e0000780000c7000000,4,1248,3
1,139,00112233445566778899aabbccddf0ca,3,1,3,06,2,1,00000000000000000000000006000000,043981b1cecc3d5c9aa39d8dabff05c6,043981f7cecc065c9a9d9d8d03ff05c6,0000004600003b00003e0000a8000000,4,1248,3
1,140,00112233445566778899aabbccddf0cb,5,1,5,08,1,1,00000000000000000000080000000000,4c6a1bb1dd66b66cd62fe5eadd81dd78,4c6a08b1dd9db66c152fe5eadd81dd84,0000130000fb0000c3000000000000fc,4,2481,0
1,141,00112233445566778899aabbccddf0cc,2,1,2,40,1,1,00000000000000000000000000400000,23ed70577b8bc37b55c4d6729bc91bda,23ed708f7b8bf07b552ed67236c91bda,000000d80000330000ea0000ad000000,4,1248,3
1,142,00112233445566778899aabbccddf0cd,8,1,8,5a,4,1,000000000000005a0000000000000000,94e47621cdb7bd86a7187b32b27f6f99,94f77621cbb7bd86a7187b28b27f2499,00130000060000000000001a00004b00,4,4812,1
1,143,00112233445566778899aabbccddf0ce,7,1,7,14,2,1,00000000000000001400000000000000,7bb0497eef701f92423ca7b351fdaeea,7bb0627eeff11f922a3ca7b351fdae49,00002b000081000068000000000000a3,4,2481,0
1,144,00112233445566778899aabbccddf0cf,15,1,15,80,1,1,80000000000000000000000000000000,1105f770d223bb025277c04d21eb6c38,6405f770d223bb755277504d21936c38,75000000000000770000900000780000,4,8124,2
1,145,00112233445566778899aabbccddf0d0,12,1,12,40,1,1,00000040000000000000000000000000,415ff3766c34b87882f2cbb6730f8941,1e5ff3766c34b8eb82f2adb673228941,5f0000000000009300006600002d0000,4,8124,2
1,146,00112233445566778899aabbccddf0d1,10,1,10,80,1,1,00000000008000000000000000000000,a8b2707cfb8cf21868a1a8bae59ff8b4,a809707c498cf21868a1a8c3e59f8cb4,00bb0000b20000000000007900007400,4,4812,1
1,147,00112233445566778899aabbccddf0d2,4,1,4,e4,4,1,0000000000000000000000e400000000,267ad5d3bfab327f758d772de3d658c0,267a64d3bf8a327f9a8d772de3d658c5,0000b10000210000ef00000000000005,4,2481,0
1,148,00112233445566778899aabbccddf0d3,14,1,14,11,2,1,00110000000000000000000000000000,838f80212bda7d79a198878fc1c8dd86,2b8f80212bda7de6a198928fc112dd86,a80000000000009f0000150000da0000,4,8124,2
1,149,00112233445566778899aabbccddf0d4,2,1,2,26,3,1,00000000000000000000000000260000,cd29cbb33a778c2117ccc7dcfdbe48f9,cd29cb023a77a421171cc7dc92be48f9,000000b10000280000d000006f000000,4,1248,3
1,150,00112233445566778899aabbccddf0d5,11,1,11,e0,3,1,00000000e00000000000000000000000,af5d15249053515a6953a1b0559aba3a,af0f15244253515a6953a1e5559ae23a,00520000d20000000000005500005800,4,4812,1
1,151,00112233445566778899aabbccddf0d6,14,1,14,20,1,1,00200000000000000000000000000000,19e97969b95f551db43807b60ee90756,90e97969b95f554fb438a2b60e100756,89000000000000520000a50000f90000,4,8124,2
1,152,00112233445566778899aabbccddf0d7,14,1,14,10,1,1,00100000000000000000000000000000,009a9c63304b440ada42af66acf056f6,839a9c63304b4458da42e366ac1456f6,830000000000005200004c0000e40000,4,8124,2
1,153,00112233445566778899aabbccddf0d8,5,1,5,08,1,1,00000000000000000000080000000000,010c4c00e665a94854ec2be89ab3767e,010cdc00e618a948b6ec2be89ab37699,00009000007d0000e2000000000000e7,4,2481,0
1,154,00112233445566778899aabbccddf0d9,2,1,2,11,2,1,00000000000000000000000000110000,a2524d9c17c27cb9b84775c7781c4ed6,a2524dba17c2d7b9b82e75c7281c4ed6,000000260000ab000069000050000000,4,1248,3
1,155,00112233445566778899aabbccddf0da,13,1,13,04,1,1,00000400000000000000000000000000,28b07088d57d755abc66a5a17b6ee110,09b07088d57d751cbc6604a17b75e110,21000000000000460000a100001b0000,4,8124,2
1,156,00112233445566778899aabbccddf0db,8,1,8,40,1,1,00000000000000400000000000000000,d73f2c28f902f1f6bf29d200de95c193,d7a72c289b02f1f6bf29d20fde950593,00980000620000000000000f0000c400,4,4812,1
1,157,00112233445566778899aabbccddf0dc,14,1,14,68,3,1,00680000000000000000000000000000,4eb389978912b454edfaf48424d30df6,55b389978912b4bbedfaab8424120df6,1b000000000000ef00005f0000c10000,4,8124,2
1,158,00112233445566778899aabbccddf0dd,11,1,11,80,1,1,00000000800000000000000000000000,cc84cf135b6e363fa47301bc567b6265,cc53cf13616e363fa4730119567baa65,00d700003a000000000000a50000c800,4,4812,1
1,159,00112233445566778899aabbccddf0de,6,1,6,68,3,1,00000000000000000068000000000000,9bfb5bc64052022db7a7704b2a35f18e,9bfbb9c6402c022d9da7704b2a35f1e2,0000e200007e00002a0000000000006c,4,2481,0
1,160,00112233445566778899aabbccddf0df,3,1,3,08,1,1,00000000000000000000000008000000,71ac6b45b70aec2c39bff3590c064610,71ac6b1bb70a872c391cf359c6064610,0000005e00006b0000a30000ca000000,4,1248,3
1,161,00112233445566778899aabbccddf0e0,13,1,13,80,1,1,00008000000000000000000000000000,158cf7e4be6118c1cf146c2f1eeb50b5,c78cf7e4be6118a9cf14312f1e9d50b5,d20000000000006800005d0000760000,4,8124,2
1,162,00112233445566778899aabbccddf0e1,3,1,3,c0,2,1,000000000000000000000000c0000000,62c8c890f1f43a3b94d8e60876a93f3d,62c8c870f1f40e3b946ee608e9a93f3d,000000e00000340000b600009f000000,4,1248,3
1,163,00112233445566778899aabbccddf0e2,11,1,11,20,1,1,00000000200000000000000000000000,86b3285df9d997ca0936280672ddf891,86c7285d9bd997ca093628ac72ddb491,0074000062000000000000aa00004c00,4,4812,1
1,164,00112233445566778899aabbccddf0e3,11,1,11,2c,3,1,000000002c0000000000000000000000,ade2a98289e833bb621c2f6e42437545,ad39a9822ce833bb621c2f004243e045,00db0000a50000000000006e00009500,4,4812,1
1,165,00112233445566778899aabbccddf0e4,14,1,14,02,1,1,00020000000000000000000000000000,688a886799543ed4392fadc8524c4e62,0e8a886799543efa392f01c852b54e62,660000000000002e0000ac0000f90000,4,8124,2
1,166,00112233445566778899aabbccddf0e5,2,1,2,10,1,1,00000000000000000000000000100000,09ad1c79ffa2ed138fb7acd95dce7054,09ad1c2bffa217138f96acd948ce7054,000000520000fa000021000015000000,4,1248,3
1,167,00112233445566778899aabbccddf0e6,15,1,15,20,1,1,20000000000000000000000000000000,a45869db856d27dd9cac694016e8795a,ae5869db856d27d79cacd240164b795a,0a0000000000000a0000bb0000a30000,4,8124,2
1,168,00112233445566778899aabbccddf0e7,12,1,12,80,1,1,00000080000000000000000000000000,e4e0104c260fde8dc47eb813cdeb4561,12e0104c260fde78c47e4013cd934561,f6000000000000f50000f80000780000,4,8124,2
1,169,00112233445566778899aabbccddf0e8,5,1,5,80,1,1,00000000000000000000800000000000,2cebdd7bfbb12918dad5ffd4c41c9bd5,2ceb837bfb2e29183cd5ffd4c41c9bd0,00005e00009f0000e600000000000005,4,2481,0
1,170,00112233445566778899aabbccddf0e9,10,1,10,03,2,1,00000000000300000000000000000000,cefeafbb330330fe4bd2cdaf2f789732,ce6eafbb4b0330fe4bd2cdc92f78e532,00900000780000000000006600007200,4,4812,1
1,171,00112233445566778899aabbccddf0ea,7,1,7,40,1,1,00000000000000004000000000000000,14c2592ba5542ffd668d467f8cc22484,14c23c2ba5232ffde38d467f8cc22486,00006500007700008500000000000002,4,2481,0
1,172,00112233445566778899aabbccddf0eb,4,1,4,01,1,1,00000000000000000000000100000000,2c8969dce72fd17f72d90287e484dcdf,2c89d3dce768d17fc7d90287e484dc33,0000ba0000470000b5000000000000ec,4,2481,0
1,173,00112233445566778899aabbccddf0ec,12,1,12,20,1,1,00000020000000000000000000000000,daa80aa4a96f477927638e5c2777db60,3ca80aa4a96f47d22763af5c2789db60,e6000000000000ab0000210000fe0000,4,8124,2
1,174,00112233445566778899aabbccddf0ed,6,1,6,60,2,1,00000000000000000060000000000000,d647155695a47fe39447abf5637524ff,d647e85695307fe33a47abf56375243b,0000fd0000940000ae000000000000c4,4,2481,0
1,175,00112233445566778899aabbccddf0ee,0,1,0,01,1,1,00000000000000000000000000000001,e562f054a174b9745eafbbb9c0abff89,e562f0f3a174e5745eb7bbb91dabff89,000000a700005c0000180000dd000000,4,1248,3
1,176,00112233445566778899aabbccddf0ef,2,1,2,14,2,1,00000000000000000000000000140000,2bdc6fbec98687fe6800e5cf0f1f21a3,2bdc6f41c9868efe68e8e5cf221f21a3,000000ff0000090000e800002d000000,4,1248,3
1,177,00112233445566778899aabbccddf0f0,1,1,1,04,1,1,00000000000000000000000000000400,a7c612bb644192c23b53c34fea2a5b52,a7c612ec644111c23bb2c34fbc2a5b52,000000570000830000e1000056000000,4,1248,3
1,178,00112233445566778899aabbccddf0f1,7,1,7,14,2,1,00000000000000001400000000000000,69877cf9d053cdeac2ab51e039dd7334,698776f9d0dbcdea43ab51e039dd73f4,00000a000088000081000000000000c0,4,2481,0
1,179,00112233445566778899aabbccddf0f2,6,1,6,04,1,1,00000000000000000004000000000000,2a839dbdfe79d1e4f47fe5412c9cd298,2a833dbdfeb3d1e4c77fe5412c9cd2a5,0000a00000ca0000330000000000003d,4,2481,0
1,180,00112233445566778899aabbccddf0f3,13,1,13,01,1,1,00000100000000000000000000000000,560b4e4fd37227f95f1d858945917dc4,110b4e4fd37227b75f1d808945a67dc4,470000000000004e0000050000370000,4,8124,2
1,181,00112233445566778899aabbccddf0f4,14,1,14,20,1,1,00200000000000000000000000000000,6f27714016efe6ac0f32fbe2d869a610,f227714016efe6110f3263e2d872a610,9d000000000000bd00009800001b0000,4,8124,2
1,182,00112233445566778899aabbccddf0f5,6,1,6,40,1,1,00000000000000000040000000000000,664e53ff29664871173844888155277b,664e6aff291e4871a638448881552701,0000390000780000b10000000000007a,4,2481,0
1,183,00112233445566778899aabbccddf0f6,15,1,15,01,1,1,01000000000000000000000000000000,02c95f2135255fa092afbc9406ae113d,2fc95f2135255f0d92af5894066f113d,2d000000000000ad0000e40000c10000,4,8124,2
1,184,00112233445566778899aabbccddf0f7,15,1,15,10,1,1,10000000000000000000000000000000,87e17051d51d171f48bf1206a4963e29,fde17051d51d17e248bf9506a4e63e29,7a000000000000fd0000870000700000,4,8124,2
1,185,00112233445566778899aabbccddf0f8,13,1,13,20,1,1,00002000000000000000000000000000,06eb49b468f0867ad0ad404456f76f59,d2eb49b468f086d1d0ada84456746f59,d4000000000000ab0000e80000830000,4,8124,2
1,186,00112233445566778899aabbccddf0f9,5,1,5,80,1,1,00000000000000000000800000000000,dc9fcc22af83e3f35b05ff00cad47918,dc9fdc22afdae3f3e805ff00cad479f1,0000100000590000b3000000000000e9,4,2481,0
1,187,00112233445566778899aabbccddf0fa,12,1,12,24,2,1,00000024000000000000000000000000,8ba37a1048ce6d945c6e45c3a879b933,5fa37a1048ce6d195c6ee4c3a8e6b933,d40000000000008d0000a100009f0000,4,8124,2
1,188,00112233445566778899aabbccddf0fb,11,1,11,1a,3,1,000000001a0000000000000000000000,f298967c7806af568ba5283146c0c84f,f293967c6306af568ba5286846c0434f,000b00001b0000000000005900008b00,4,4812,1
1,189,00112233445566778899aabbccddf0fc,11,1,11,02,1,1,00000000020000000000000000000000,3ecb742f6b56fdcb94924a6148f7c5b8,3e41742fbb56fdcb94924a0048f7c6b8,008a0000d00000000000006100000300,4,4812,1
1,190,00112233445566778899aabbccddf0fd,12,1,12,88,2,1,00000088000000000000000000000000,9053b26db8f9156d26432644ad367c8b,fd53b26db8f9158f26434b44ad2e7c8b,6d000000000000e200006d0000180000,4,8124,2
1,191,00112233445566778899aabbccddf0fe,10,1,10,04,1,1,00000000000400000000000000000000,b716b5b2133eeee73122a61a56b5a967,b7beb5b2f13eeee73122a6e956b5d467,00a80000e2000000000000f300007d00,4,4812,1
1,192,00112233445566778899aabbccddf0ff,9,1,9,02,1,1,00000000000002000000000000000000,bba00c99bf34633dc95ca066c32ea46c,bbae0c991e34633dc95ca0adc32e736c,000e0000a1000000000000cb0000d700,4,4812,1
1,193,00112233445566778899aabbccddf100,1,1,1,10,1,1,00000000000000000000000000001000,ea9ad8096066d38b141eee25e30e5d8d,ea9ad8506066678b148cee25e20e5d8d,000000590000b4000092000001000000,4,1248,3
1,194,00112233445566778899aabbccddf101,7,1,7,0b,3,1,00000000000000000b00000000000000,983b28d5976cbafbb7ddc7931ebf87ee,983b47d5974cbafb98ddc7931ebf877b,00006f00002000002f00000000000095,4,2481,0
1,195,00112233445566778899aabbccddf102,4,1,4,80,1,1,00000000000000000000008000000000,4fdd78da16940d2a30a11edda3de0198,4fdd9eda16c90d2adfa11edda3de01d2,0000e600005d0000ef0000000000004a,4,2481,0
1,196,00112233445566778899aabbccddf103,13,1,13,10,1,1,00001000000000000000000000000000,fa2513078f44c06471629a1535a39e21,472513078f44c0937162551535769e21,bd000000000000f70000cf0000d50000,4,8124,2
1,197,00112233445566778899aabbccddf104,3,1,3,01,1,1,00000000000000000000000001000000,1c12cc948cc2a52eac02ac9267f866a4,1c12cc378cc2c72eac41ac925bf866a4,000000a300006200004300003c000000,4,1248,3
1,198,00112233445566778899aabbccddf105,15,1,15,24,2,1,24000000000000000000000000000000,101f043f8e3b15be8ac3881c6671ea1b,8b1f043f8e3b15948ac3731c66c7ea1b,9b0000000000002a0000fb0000b60000,4,8124,2
1,199,00112233445566778899aabbccddf106,6,1,6,6c,4,1,0000000000000000006c000000000000,0f39c700dfa62952ab9636fc38cdec08,0f398300df1029527a9636fc38cdec13,0000440000b60000d10000000000001b,4,2481,0
1,200,00112233445566778899aabbccddf107,4,1,4,10,1,1,00000000000000000000001000000000,29525f9fb8be8fcb6ae92cba77be7bff,29521f9fb8fe8fcbfce92cba77be7b30,000040000040000096000000000000cf,4,2481,0
1,201,00112233445566778899aabbccddf108,6,1,6,01,1,1,00000000000000000001000000000000,f658611297adc2f1a45371fd2595ac64,f658e81297ddc2f19e5371fd2595ac75,00008900007000003a00000000000011,4,2481,0
1,202,00112233445566778899aabbccddf109,10,1,10,c8,3,1,0000000000c800000000000000000000,b541c89ae086d72c578a90a481ea20d3,b527c89abf86d72c578a909981ea72d3,006600005f0000000000003d00005200,4,4812,1
1,203,00112233445566778899aabbccddf10a,1,1,1,10,1,1,00000000000000000000000000001000,f1c93a9b0816e26e654944a1021aa341,f1c93a900816a76e654a44a1401aa341,0000000b000045000003000042000000,4,1248,3
1,204,00112233445566778899aabbccddf10b,9,1,9,01,1,1,00000000000001000000000000000000,dbcdc56a8e62f966080ef67f058600c2,db9ac56a3962f966080ef6350586e0c2,00570000b70000000000004a0000e000,4,4812,1
1,205,00112233445566778899aabbccddf10c,9,1,9,10,1,1,00000000000010000000000000000000,e7507405b2552bd50fe4669967fadcc7,e75a7405b4552bd50fe4661867fa05c7,000a000006000000000000810000d900,4,4812,1
1,206,00112233445566778899aabbccddf10d,7,1,7,80,1,1,00000000000000008000000000000000,9413135df41e37879ed24ee2b9881938,94131b5df4663787b0d24ee2b98819bd,00000800007800002e00000000000085,4,2481,0
1,207,00112233445566778899aabbccddf10e,13,1,13,80,1,1,00008000000000000000000000000000,1325d18cd709bbb180cb60cb85420c99,bd25d18cd709bbcb80cb06cb85820c99,ae0000000000007a0000660000c00000,4,8124,2
1,208,00112233445566778899aabbccddf10f,15,1,15,40,1,1,40000000000000000000000000000000,176be4568f1949b79e1eeedd3a5a535b,186be4568f19490b9e1e2ddd3acc535b,0f000000000000bc0000c30000960000,4,8124,2
1,209,00112233445566778899aabbccddf110,2,1,2,2c,3,1,000000000000000000000000002c0000,29b5ede80e294f79af60281dcd2e1299,29b5edf00e29b779afb9281d432e1299,000000180000f80000d900008e000000,4,1248,3
1,210,00112233445566778899aabbccddf111,15,1,15,20,1,1,20000000000000000000000000000000,90e430b8998d3fd0af05138402825811,f3e430b8998d3f14af05e58402d95811,63000000000000c40000f600005b0000,4,8124,2
1,211,00112233445566778899aabbccddf112,8,1,8,50,2,1,00000000000000500000000000000000,f5986e030aeb9f0fe1952291c1860d69,f5f46e0332eb9f0fe195221dc1869569,006c0000380000000000008c00009800,4,4812,1
1,212,00112233445566778899aabbccddf113,11,1,11,02,1,1,00000000020000000000000000000000,192e905dff724828d9f2fc283bdc8519,19f4905d7e724828d9f2fcec3bdc8019,00da000081000000000000c400000500,4,4812,1
1,213,00112233445566778899aabbccddf114,6,1,6,04,1,1,00000000000000000004000000000000,9bab9f9999dbcbbeba1fdb6b2d09d8cb,9babf79999d0cbbed81fdb6b2d09d80f,00006800000b000062000000000000c4,4,2481,0
1,214,00112233445566778899aabbccddf115,6,1,6,40,1,1,00000000000000000040000000000000,33135d20967ac7f1d060bcf56e8221b7,3313b520966bc7f1c960bcf56e8221ac,0000e80000110000190000000000001b,4,2481,0
1,215,00112233445566778899aabbccddf116,11,1,11,04,1,1,00000000040000000000000000000000,563be85cf79124038e799ee1d1b03254,56c2e85cfc9124038e799ec1d1b00f54,00f900000b0000000000002000003d00,4,4812,1
1,216,00112233445566778899aabbccddf117,8,1,8,08,1,1,00000000000000080000000000000000,72ff99becb18f6615d8764c809002aa2,720c99be6318f6615d8764e40900eea2,00f30000a80000000000002c0000c400,4,4812,1
1,217,00112233445566778899aabbccddf118,5,1,5,20,1,1,00000000000000000000200000000000,43a7fde8f83d9f743002972106aaa600,43a7a8e8f8339f744202972106aaa67f,00005500000e0000720000000000007f,4,2481,0
1,218,00112233445566778899aabbccddf119,3,1,3,10,1,1,00000000000000000000000010000000,b3f02cff196c554f451f49f5a297fec1,b3f02c2f196c9f4f452449f55c97fec1,000000d00000ca00003b0000fe000000,4,1248,3
1,219,00112233445566778899aabbccddf11a,4,1,4,40,1,1,00000000000000000000004000000000,979ab2275be95e45a3a94e3851294fa8,979a07275b525e45afa94e3851294ffd,0000b50000bb00000c00000000000055,4,2481,0
1,220,00112233445566778899aabbccddf11b,11,1,11,08,1,1,00000000080000000000000000000000,f04de4b8cd078bc5d820f3c91f29c3c9,f0b0e4b87e078bc5d820f34a1f2957c9,00fd0000b30000000000008300009400,4,4812,1
1,221,00112233445566778899aabbccddf11c,9,1,9,c8,3,1,000000000000c8000000000000000000,eb3a2292073f569873361c30722341c0,ebd92292ff3f569873361c6d722324c0,00e30000f80000000000005d00006500,4,4812,1
1,222,00112233445566778899aabbccddf11d,15,1,15,11,2,1,11000000000000000000000000000000,ee226a389c9755400d8dbb2fcafa5f92,dd226a389c9755740d8dcb2fcaf85f92,33000000000000340000700000020000,4,8124,2
1,223,00112233445566778899aabbccddf11e,4,1,4,11,2,1,00000000000000000000001100000000,4999ac52fb605ddf4608d628f919389d,4999e452fb865ddfa708d628f91938d9,0000480000e60000e100000000000044,4,2481,0
1,224,00112233445566778899aabbccddf11f,14,1,14,08,1,1,00080000000000000000000000000000,9d838a4f68b0e2cd7d249a09e6fe2e49,2f838a4f68b0e2907d242b09e62e2e49,b20000000000005d0000b10000d00000,4,8124,2
1,225,00112233445566778899aabbccddf120,2,1,2,40,1,1,00000000000000000000000000400000,5ba50889642724df93aed6071579f1ff,5ba5084a64271edf934ed6077e79f1ff,000000c300003a0000e000006b000000,4,1248,3
1,226,00112233445566778899aabbccddf121,8,1,8,80,1,1,00000000000000800000000000000000,7b9f5a91a48c95de4f307c5d67d0d0bc,7b3b5a910a8c95de4f307c8667d03cbc,00a40000ae000000000000db0000ec00,4,4812,1
1,227,00112233445566778899aabbccddf122,10,1,10,48,2,1,00000000004800000000000000000000,49331f41a6a59ae1d48e5a8dc165e682,49811f41d4a59ae1d48e5a7fc1650182,00b2000072000000000000f20000e700,4,4812,1
1,228,00112233445566778899aabbccddf123,12,1,12,04,1,1,00000004000000000000000000000000,1362d80d3e5056347ce65ef4ed28ba87,4a62d80d3e50562f7ce617f4ed8bba87,590000000000001b0000490000a30000,4,8124,2
1,229,00112233445566778899aabbccddf124,7,1,7,04,1,1,00000000000000000400000000000000,d825bf293c4e7faf1952c403b0472b32,d82527293cf47fafff52c403b0472b4f,0000980000ba0000e60000000000007d,4,2481,0
1,230,00112233445566778899aabbccddf125,14,1,14,40,1,1,00400000000000000000000000000000,90e354732e42e963f987ee42cb5e7f5d,e7e354732e42e986f9872d42cb487f5d,77000000000000e50000c30000160000,4,8124,2
1,231,00112233445566778899aabbccddf126,10,1,10,10,1,1,00000000001000000000000000000000,e7d6bbe0cc397097ff055e1daf2c4f2b,e7d0bbe0a6397097ff055eceaf2c9e2b,000600006a000000000000d30000d100,4,4812,1
1,232,00112233445566778899aabbccddf127,9,1,9,0a,2,1,0000000000000a000000000000000000,486ba39644864418213d629268c6c89e,4889a39667864418213d62e168c6d29e,00e20000230000000000007300001a00,4,4812,1
1,233,00112233445566778899aabbccddf128,6,1,6,a8,3,1,000000000000000000a8000000000000,d6c63551b16a966547cc52e563b3b938,d6c68a51b11c966516cc52e563b3b953,0000bf0000760000510000000000006b,4,2481,0
1,234,00112233445566778899aabbccddf129,4,1,4,80,1,1,00000000000000000000008000000000,e809e9ad858b97f82bd83d839289262b,e8096dad850597f881d83d83928926df,00008400008e0000aa000000000000f4,4,2481,0
1,235,00112233445566778899aabbccddf12a,5,1,5,01,1,1,00000000000000000000010000000000,0bfc0c26c72baf659f6f4d1b528d4c1c,0bfc6426c71caf65dc6f4d1b528d4cde,000068000037000043000000000000c2,4,2481,0
1,236,00112233445566778899aabbccddf12b,13,1,13,20,1,1,00002000000000000000000000000000,a2e733eb70e3a521d4f5c309209dbc57,62e733eb70e3a50dd4f5cc092033bc57,c00000000000002c00000f0000ae0000,4,8124,2
1,237,00112233445566778899aabbccddf12c,2,1,2,80,1,1,00000000000000000000000000800000,33bf4d9fd3e8b1fb82f2c29099aa7323,33bf4d8bd3e8a0fb822bc290b5aa7323,000000140000110000d900002c000000,4,1248,3
1,238,00112233445566778899aabbccddf12d,0,1,0,02,1,1,00000000000000000000000000000002,8c6864e31ccaf806a20ef75511f458dc,8c6864401ccaaf06a24ef7558bf458dc,000000a300005700004000009a000000,4,1248,3
1,239,00112233445566778899aabbccddf12e,6,1,6,0a,2,1,0000000000000000000a000000000000,d2ecefbe6a3b1cf85944dd45f50aac38,d2ec1fbe6adc1cf8be44dd45f50aaca5,0000f00000e70000e70000000000009d,4,2481,0
1,240,00112233445566778899aabbccddf12f,8,1,8,24,2,1,00000000000000240000000000000000,33be302562957714a9dc1a59e27a9d02,334e30252c957714a9dc1aa1e27ab602,00f000004e000000000000f800002b00,4,4812,1
1,241,00112233445566778899aabbccddf130,4,1,4,13,3,1,00000000000000000000001300000000,8ca391c91d3cccb83bb74de95ed72e6b,8ca3dcc91dbeccb818b74de95ed72e82,00004d000082000023000000000000e9,4,2481,0
1,242,00112233445566778899aabbccddf131,12,1,12,04,1,1,00000004000000000000000000000000,31c301d99421778164108f8c8b081405,b9c301d9942177206410ef8c8b1f1405,88000000000000a10000600000170000,4,8124,2
1,243,00112233445566778899aabbccddf132,5,1,5,08,1,1,00000000000000000000080000000000,adb38e0a0e262ad715417bc9afd932af,adb3300a0e3d2ad7d6417bc9afd932f4,0000be00001b0000c30000000000005b,4,2481,0
1,244,00112233445566778899aabbccddf133,7,1,7,04,1,1,00000000000000000400000000000000,728dac2759237f2ccdd2ef27d2e28a51,728de72759b17f2c37d2ef27d2e28a43,00004b0000920000fa00000000000012,4,2481,0
1,245,00112233445566778899aabbccddf134,12,1,12,52,3,1,00000052000000000000000000000000,62982d509d728ddaf36f43fa7ab3ed94,80982d509d728d36f36f4ffa7a40ed94,e2000000000000ec00000c0000f30000,4,8124,2
1,246,00112233445566778899aabbccddf135,12,1,12,20,1,1,00000020000000000000000000000000,23d8856af9fa4792852342dc8800521b,88d8856af9fa477b8523fadc88d4521b,ab000000000000e90000b80000d40000,4,8124,2
1,247,00112233445566778899aabbccddf136,15,1,15,16,3,1,16000000000000000000000000000000,a3a653e595303e1858a395ac22e55e78,daa653e595303e1958a3d3ac22175e78,79000000000000010000460000f20000,4,8124,2
1,248,00112233445566778899aabbccddf137,0,1,0,80,1,1,00000000000000000000000000000080,107bd3124de5b7ddb3685d511e1dc832,107bd3114de5faddb3815d51691dc832,0000000300004d0000e9000077000000,4,1248,3
1,249,00112233445566778899aabbccddf138,8,1,8,24,2,1,00000000000000240000000000000000,4f7dd2c37d6943bb96368ddd8e72d2f9,4faed2c3516943bb96368d4d8e7280f9,00d300002c0000000000009000005200,4,4812,1
1,250,00112233445566778899aabbccddf139,5,1,5,16,3,1,00000000000000000000160000000000,a9b8b24dc07154d7b33d1d573d95617e,a9b8184dc0ce54d7b93d1d573d956144,0000aa0000bf00000a0000000000003a,4,2481,0
1,251,00112233445566778899aabbccddf13a,7,1,7,4b,4,1,00000000000000004b00000000000000,cbeb649c2c2d46b9c6d0cfc7192b847e,cbeb4b9c2c5246b983d0cfc7192b842a,00002f00007f00004500000000000054,4,2481,0
1,252,00112233445566778899aabbccddf13b,4,1,4,01,1,1,00000000000000000000000100000000,8057fd3c5040414918cae781dd5745b2,80573a3c50e64149a4cae781dd574548,0000c70000a60000bc000000000000fa,4,2481,0
1,253,00112233445566778899aabbccddf13c,1,1,1,10,1,1,00000000000000000000000000001000,233f66a2a39898c55608c9b766866aef,233f66c5a39870c5562cc9b7e7866aef,000000670000e8000024000081000000,4,1248,3
1,254,00112233445566778899aabbccddf13d,7,1,7,02,1,1,00000000000000000200000000000000,627a52c37e6a11b0b707496922126886,627a07c37e0d11b09b074969221268a6,00005500006700002c00000000000020,4,2481,0
1,255,00112233445566778899aabbccddf13e,4,1,4,48,2,1,00000000000000000000004800000000,176412aa28b9215eb3926c747041833a,176490aa28a1215e82926c74704183c2,000082000018000031000000000000f8,4,2481,0
1,256,00112233445566778899aabbccddf13f,9,1,9,08,1,1,00000000000008000000000000000000,4a860898e330f499c4e627b8d72b8bf6,4a4408989730f499c4e627a9d72b21f6,00c2000074000000000000110000aa00,4,4812,1
1,257,00112233445566778899aabbccddf140,12,1,12,20,1,1,00000020000000000000000000000000,1c3ecd8bbdc563559653c8329233083b,153ecd8bbdc563ef96539732924a083b,09000000000000ba00005f0000790000,4,8124,2
1,258,00112233445566778899aabbccddf141,12,1,12,20,1,1,00000020000000000000000000000000,8ff4aa7368449d94a15e31d7fc376125,99f4aa7368449d82a15ee5d7fca26125,16000000000000160000d40000950000,4,8124,2
1,259,00112233445566778899aabbccddf142,13,1,13,20,1,1,00002000000000000000000000000000,ee549f4e8d176f71fe14f5543ac9252e,71549f4e8d176ff1fe14a9543a14252e,9f0000000000008000005c0000dd0000,4,8124,2
1,260,00112233445566778899aabbccddf143,13,1,13,40,1,1,00004000000000000000000000000000,62ed4c6c19320017725d9b90aee21ea9,23ed4c6c19320052725d6790aeb21ea9,41000000000000450000fc0000500000,4,8124,2
1,261,00112233445566778899aabbccddf144,3,1,3,02,1,1,00000000000000000000000002000000,8e809d79bbac1b22f1b062ba64618f81,8e809df3bbac4322f19c62ba97618f81,0000008a00005800002c0000f3000000,4,1248,3
1,262,00112233445566778899aabbccddf145,1,1,1,04,1,1,00000000000000000000000000000400,c8e6ce764063b7dd0544538822568466,c8e6ceee406335dd05495388a7568466,0000009800008200000d000085000000,4,1248,3
1,263,00112233445566778899aabbccddf146,6,1,6,10,1,1,00000000000000000010000000000000,48eb95a8223680f28d05902676b79d21,48eb3ba8223980f22505902676b79d8b,0000ae00000f0000a8000000000000aa,4,2481,0
1,264,00112233445566778899aabbccddf147,15,1,15,01,1,1,01000000000000000000000000000000,9e099129a0c18908fb7f2f7e9309a1cf,5d099129a0c189c6fb7fcf7e93a8a1cf,c3000000000000ce0000e00000a10000,4,8124,2
1,265,00112233445566778899aabbccddf148,13,1,13,10,1,1,00001000000000000000000000000000,234ddadda1f004465ac330260256236c,4f4ddadda1f0040d5ac3ef26027d236c,6c0000000000004b0000df00002b0000,4,8124,2
1,266,00112233445566778899aabbccddf149,3,1,3,16,3,1,00000000000000000000000016000000,5eb88d4af8dca99516b52995fbf90c55,5eb88dd4f8dcab95160a29958df90c55,0000009e0000020000bf000076000000,4,1248,3
1,267,00112233445566778899aabbccddf14a,12,1,12,50,2,1,00000050000000000000000000000000,e82e4d0292e8765b6507140dea46dfb9,272e4d0292e876176507100dea2cdfb9,cf0000000000004c00000400006a0000,4,8124,2
1,268,00112233445566778899aabbccddf14b,0,1,0,e0,3,1,000000000000000000000000000000e0,e94454d7ab1c3e29679e2c03ee5258be,e944544fab1cf72967bd2c03185258be,000000980000c90000230000f6000000,4,1248,3
1,269,00112233445566778899aabbccddf14c,4,1,4,01,1,1,00000000000000000000000100000000,f59ad038112986c501787f6d43c270ea,f59a7d3811ea86c5d3787f6d43c27069,0000ad0000c30000d200000000000083,4,2481,0
1,270,00112233445566778899aabbccddf14d,2,1,2,28,2,1,00000000000000000000000000280000,ba7b83c513e3e40a6a6f1e3f617e5c52,ba7b83bc13e3c30a6ad41e3f2b7e5c52,000000790000270000bb00004a000000,4,1248,3
1,271,00112233445566778899aabbccddf14e,15,1,15,20,1,1,20000000000000000000000000000000,0a221b177b5ee81854a5974722b2a825,50221b177b5ee8c254a5e44722c0a825,5a000000000000da0000730000720000,4,8124,2
1,272,00112233445566778899aabbccddf14f,2,1,2,08,1,1,00000000000000000000000000080000,1a38f39a7263816a540553025ea9dee0,1a38f37b72637c6a54085302c6a9dee0,000000e10000fd00000d000098000000,4,1248,3
1,273,00112233445566778899aabbccddf150,5,1,5,12,2,1,00000000000000000000120000000000,7dce73dd5cac9be5028c0142fb863777,7dce10dd5c549be52e8c0142fb8637bc,0000630000f800002c000000000000cb,4,2481,0
1,274,00112233445566778899aabbccddf151,11,1,11,0a,2,1,000000000a0000000000000000000000,fce642f0eb57466f73b9d8d70b2d93d7,fcbf42f00457466f73b9d8cb0b2d4fd7,00590000ef0000000000001c0000dc00,4,4812,1
1,275,00112233445566778899aabbccddf152,2,1,2,01,1,1,00000000000000000000000000010000,a0ce8f0112fc0f2f8e54cf93aba760aa,a0ce8fe612fc072f8efacf9377a760aa,000000e70000080000ae0000dc000000,4,1248,3
1,276,00112233445566778899aabbccddf153,9,1,9,88,2,1,00000000000088000000000000000000,c03e95f6958ea3902cb710bf462c6b2d,c05395f6dc8ea3902cb710b6462c702d,006d0000490000000000000900001b00,4,4812,1
1,277,00112233445566778899aabbccddf154,13,1,13,c0,2,1,0000c000000000000000000000000000,59d9c51ae25c8fcc9d20cc002a7b0eb3,f3d9c51ae25c8f4b9d2053002acb0eb3,aa0000000000008700009f0000b00000,4,8124,2
1,278,00112233445566778899aabbccddf155,2,1,2,03,2,1,00000000000000000000000000030000,d36edd713f5643ee2f6bf0960c9e9d70,d36edd263f5655ee2f30f096109e9d70,0000005700001600005b00001c000000,4,1248,3
1,279,00112233445566778899aabbccddf156,11,1,11,20,1,1,00000000200000000000000000000000,108bd9e7f29065aa6e74f38bb3c7e4b6,103bd9e7c89065aa6e74f33ab3c797b6,00b000003a000000000000b100007300,4,4812,1
1,280,00112233445566778899aabbccddf157,2,1,2,60,2,1,00000000000000000000000000600000,f3c0f17ef5e86d722df86726c2034534,f3c0f14df5e8a8722d9e6726b4034534,000000330000c5000066000076000000,4,1248,3
1,281,00112233445566778899aabbccddf158,13,1,13,12,2,1,00001200000000000000000000000000,135c0d7a995ba2d71c853b56d0d24ae9,2d5c0d7a995ba2fa1c859c56d0b34ae9,3e0000000000002d0000a70000610000,4,8124,2
1,282,00112233445566778899aabbccddf159,14,1,14,04,1,1,00040000000000000000000000000000,a1a2ff2052c60753dd210c545e932de1,67a2ff2052c6077add21bd545ea32de1,c6000000000000290000b10000300000,4,8124,2
1,283,00112233445566778899aabbccddf15a,12,1,12,02,1,1,00000002000000000000000000000000,f2586672a65ddad49f2671c99e20ba5e,40586672a65dda2e9f2655c99e50ba5e,b2000000000000fa0000240000700000,4,8124,2
1,284,00112233445566778899aabbccddf15b,11,1,11,80,1,1,00000000800000000000000000000000,f6bbb962e1382c697d32e23d9eef1b4b,f600b9622f382c697d32e2069eefc94b,00bb0000ce0000000000003b0000d200,4,4812,1
1,285,00112233445566778899aabbccddf15c,0,1,0,08,1,1,00000000000000000000000000000008,ec42d4e3f6a00963467a086e1c69a196,ec42d42ef6a09b6346ef086eb469a196,000000cd0000920000950000a8000000,4,1248,3
1,286,00112233445566778899aabbccddf15d,7,1,7,20,1,1,00000000000000002000000000000000,871a089458bb9d030fc82f7e44c1f4c5,871ad29458539d03d4c82f7e44c1f476,0000da0000e80000db000000000000b3,4,2481,0
1,287,00112233445566778899aabbccddf15e,13,1,13,01,1,1,00000100000000000000000000000000,8a3de727758eabbbb1db7874f2c20466,703de727758eab69b1dbe474f2ea0466,fa000000000000d200009c0000280000,4,8124,2
1,288,00112233445566778899aabbccddf15f,13,1,13,6c,4,1,00006c00000000000000000000000000,6966b8508055f1396abe05e105df7324,7966b8508055f1e96abe4ae105287324,10000000000000d000004f0000f70000,4,8124,2
1,289,00112233445566778899aabbccddf160,5,1,5,40,1,1,00000000000000000000400000000000,49a4a5249e7cdefb6eaebab43d0a55b2,49a435249e63defb22aebab43d0a551f,00009000001f00004c000000000000ad,4,2481,0
1,290,00112233445566778899aabbccddf161,9,1,9,01,1,1,00000000000001000000000000000000,2bf0f3464df7239751de1b2943b4847b,2b81f346e6f7239751de1b3043b4267b,00710000ab000000000000190000a200,4,4812,1
1,291,00112233445566778899aabbccddf162,8,1,8,80,1,1,00000000000000800000000000000000,bd7ca7438cde7d7fe25c99fa2eca5c84,bde1a74352de7d7fe25c993c2eca6484,009d0000de000000000000c600003800,4,4812,1
1,292,00112233445566778899aabbccddf163,5,1,5,14,2,1,00000000000000000000140000000000,a6c3c90a7c48e9ec323cba4bf7ef4779,a6c34e0a7c77e9ec9b3cba4bf7ef47a9,00008700003f0000a9000000000000d0,4,2481,0
1,293,00112233445566778899aabbccddf164,1,1,1,01,1,1,00000000000000000000000000000100,c228b6a46b25fe2e47af8a46827c6c88,c228b6656b257b2e47158a46137c6c88,000000c10000850000ba000091000000,4,1248,3
1,294,00112233445566778899aabbccddf165,6,1,6,20,1,1,00000000000000000020000000000000,21f56e5ce392c9c3d8301348f946e109,21f5ff5ce36dc9c303301348f946e144,0000910000ff0000db0000000000004d,4,2481,0
1,295,00112233445566778899aabbccddf166,3,1,3,08,1,1,00000000000000000000000008000000,f43904049310af54d1c35fdec8756ef1,f439049f9310e354d1735fde0e756ef1,0000009b00004c0000b00000c6000000,4,1248,3
1,296,00112233445566778899aabbccddf167,6,1,6,20,1,1,00000000000000000020000000000000,b4f2a8a30653550f6bec5247c7404b83,b4f2aaa306b3550f98ec5247c7404b3e,0000020000e00000f3000000000000bd,4,2481,0
1,297,00112233445566778899aabbccddf168,15,1,15,40,1,1,40000000000000000000000000000000,2502423e7fb648b42e57635d1be45baf,b802423e7fb6483a2e57565d1bcf5baf,9d0000000000008e00003500002b0000,4,8124,2
1,298,00112233445566778899aabbccddf169,11,1,11,e8,4,1,00000000e80000000000000000000000,87ce845bb341c822768e8b1bc2ca4b8a,875b845bf141c822768e8bb6c2cab78a,0095000042000000000000ad0000fc00,4,4812,1
1,299,00112233445566778899aabbccddf16a,12,1,12,01,1,1,00000001000000000000000000000000,48d501b29c3ad0d37a913692789436c8,c1d501b29c3ad0927a913e9278af36c8,890000000000004100000800003b0000,4,8124,2
1,300,00112233445566778899aabbccddf16b,0,1,0,68,3,1,00000000000000000000000000000068,e99b8769c377f4430741f6ecd36d80b5,e99b877fc3773b4307a7f6ecfe6d80b5,000000160000cf0000e600002d000000,4,1248,3
1,301,00112233445566778899aabbccddf16c,1,1,1,04,1,1,00000000000000000000000000000400,95834856ba8d6fca8e954a37a33d5d6f,95834898ba8d05ca8ea04a37473d5d6f,000000ce00006a0000350000e4000000,4,1248,3
1,302,00112233445566778899aabbccddf16d,15,1,15,08,1,1,08000000000000000000000000000000,8bd87c58098f683adc03bee671a035d4,70d87c58098f6864dc0309e6718135d4,fb0000000000005e0000b70000210000,4,8124,2
1,303,00112233445566778899aabbccddf16e,7,1,7,14,2,1,00000000000000001400000000000000,b589dcac12e904eeb4721f20f639d9ca,b5890fac129f04ee47721f20f639d9f9,0000d30000760000f300000000000033,4,2481,0
1,304,00112233445566778899aabbccddf16f,1,1,1,0a,2,1,00000000000000000000000000000a00,e8adef454833c18abf04c9c32c66d1ad,e8adef634833d18abf64c9c39166d1ad,000000260000100000600000bd000000,4,1248,3
1,305,00112233445566778899aabbccddf170,10,1,10,88,2,1,00000000008800000000000000000000,4d538c083b87a6a6ebb40e6000673af4,4db08c08de87a6a6ebb40e5c00679df4,00e30000e50000000000003c0000a700,4,4812,1
1,306,00112233445566778899aabbccddf171,3,1,3,04,1,1,00000000000000000000000004000000,efb22afa22de6b7693fae32ca38be2b4,efb22ab322de12769344e32c7a8be2b4,000000490000790000be0000d9000000,4,1248,3
1,307,00112233445566778899aabbccddf172,1,1,1,02,1,1,00000000000000000000000000000200,3911683d337dff421f3997c80e95dea0,391168d1337dd6421f3597c8f095dea0,000000ec00002900000c0000fe000000,4,1248,3
1,308,00112233445566778899aabbccddf173,12,1,12,14,2,1,00000014000000000000000000000000,17db4a1bdd666388bb7629561250f1b7,efdb4a1bdd666374bb76b7561223f1b7,f8000000000000fc00009e0000730000,4,8124,2
1,309,00112233445566778899aabbccddf174,2,1,2,80,1,1,00000000000000000000000000800000,d56e648509ce2a482181f17b66f815d8,d56e647209ce044821bcf17bb9f815d8,000000f700002e00003d0000df000000,4,1248,3
1,310,00112233445566778899aabbccddf175,8,1,8,40,1,1,00000000000000400000000000000000,434eaf5e13e8fc892087a7f0d6bcfad0,437baf5e49e8fc892087a78ad6bc4bd0,003500005a0000000000007a0000b100,4,4812,1
1,311,00112233445566778899aabbccddf176,13,1,13,02,1,1,00000200000000000000000000000000,787a11e9e0a3e371b1bb3e78896bfc07,ec7a11e9e0a3e398b1bb0a788935fc07,94000000000000e900003400005e0000,4,8124,2
1,312,00112233445566778899aabbccddf177,12,1,12,80,1,1,00000080000000000000000000000000,ad70b09c0f7627c2f399be3762f425b3,0c70b09c0f762787f3990a37620825b3,a1000000000000450000b40000fc0000,4,8124,2
1,313,00112233445566778899aabbccddf178,11,1,11,04,1,1,00000000040000000000000000000000,fe912cf4711396e78d8bf8243a77ceb8,feef2cf4861396e78d8bf8bb3a779db8,007e0000f70000000000009f00005300,4,4812,1
1,314,00112233445566778899aabbccddf179,14,1,14,06,2,1,00060000000000000000000000000000,535ae16c468aaa95cf4d5658ca54383c,635ae16c468aaaaccf4d0558cacd383c,30000000000000390000530000990000,4,8124,2
1,315,00112233445566778899aabbccddf17a,8,1,8,01,1,1,00000000000000010000000000000000,3e98a196110d386f46be2e71790b7bec,3eb5a196b80d386f46be2efd790b70ec,002d0000a90000000000008c00000b00,4,4812,1
1,316,00112233445566778899aabbccddf17b,13,1,13,08,1,1,00000800000000000000000000000000,c969fd78ff5d514fe87b599a756bc2bf,9469fd78ff5d5103e87b589a753fc2bf,5d0000000000004c0000010000540000,4,8124,2
1,317,00112233445566778899aabbccddf17c,7,1,7,ca,4,1,0000000000000000ca00000000000000,a6885eb162945aff4788677ab76ee9de,a688e3b1621b5aff3788677ab76ee9f9,0000bd00008f00007000000000000027,4,2481,0
1,318,00112233445566778899aabbccddf17d,5,1,5,06,2,1,00000000000000000000060000000000,e1e4bde694ab34d88b0ce5f378b33e76,e1e487e6944434d8b90ce5f378b33e95,00003a0000ef000032000000000000e3,4,2481,0
1,319,00112233445566778899aabbccddf17e,10,1,10,0a,2,1,00000000000a00000000000000000000,97a36c18569ff9777a4d443552bd5169,970c6c18989ff9777a4d443952bd1b69,00af0000ce0000000000000c00004a00,4,4812,1
2,0,00112233445566778899aabbccddf17f,2,1,1,80,1,1,00000000000000000000000000008000,f91224fff4d681ae9a2f6fe1f3437d88,f9122416f4d64aae9aab6fe12d437d88,000000e90000cb0000840000de000000,4,1248,3
2,1,00112233445566778899aabbccddf180,4,1,4,60,2,1,00000000000000000000006000000000,001086da0c29eb7deb98d89ba9e1ceed,0010e6da0c3feb7dcf98d89ba9e1ce58,000060000016000024000000000000b5,4,2481,0
2,2,00112233445566778899aabbccddf181,2,1,3,01,1,1,00000000000000000000000001000000,449f42d57d56ea2a5f8975924e137f61,449f42627d567d2a5f837592a7137f61,000000b700009700000a0000e9000000,4,1248,3
2,3,00112233445566778899aabbccddf182,0,1,0,60,2,1,00000000000000000000000000000060,2689082ce97e8897446dc6cbf09f4316,268908dbe97e4997440bc6cbf79f4316,000000f70000c1000066000007000000,4,1248,3
2,4,00112233445566778899aabbccddf183,11,1,10,14,2,1,00000000001400000000000000000000,f7ea6f3b356993ba563173cabb591513,f7226f3b306993ba5631733bbb59b413,00c8000005000000000000f10000a100,4,4812,1
2,5,00112233445566778899aabbccddf184,8,1,9,14,2,1,00000000000014000000000000000000,ae0f7d419318df2ccec8c18791b184e9,aea87d41c918df2ccec8c18c91b104e9,00a700005a0000000000000b00008000,4,4812,1
2,6,00112233445566778899aabbccddf185,10,1,9,24,2,1,00000000000024000000000000000000,302e4e1007837bf2dfee502127ead585,309f4e1021837bf2dfee504227ea9985,00b10000260000000000006300004c00,4,4812,1
2,7,00112233445566778899aabbccddf186,13,1,13,14,2,1,00001400000000000000000000000000,23d3c1d2f59f77b602470d2e30736679,d2d3c1d2f59f774e0247f12e306a6679,f1000000000000f80000fc0000190000,4,8124,2
2,8,00112233445566778899aabbccddf187,12,1,11,40,1,1,00000000400000000000000000000000,ea706686ef20e2d5050e565b1d5c3a64,ea5f6686c320e2d5050e56501d5c4f64,002f00002c0000000000000b00007500,4,4812,1
2,9,00112233445566778899aabbccddf188,12,1,10,10,1,1,00000000001000000000000000000000,de5227de3362db14ed9a0556340d11b2,de7827deff62db14ed9a0542340d87b2,002a0000cc0000000000001400009600,4,4812,1
2,10,00112233445566778899aabbccddf189,13,1,15,10,1,1,10000000000000000000000000000000,79695e07d9794d593aef5e2efbe76f58,58695e07d9794dda3aef662efbac6f58,210000000000008300003800004b0000,4,8124,2
2,11,00112233445566778899aabbccddf18a,7,1,7,08,1,1,00000000000000000800000000000000,0771a89d112cc586f6e32415de7739f4,0771459d110ec58669e32415de7739f5,0000ed00002200009f00000000000001,4,2481,0
2,12,00112233445566778899aabbccddf18b,4,1,3,88,2,1,00000000000000000000000088000000,7c269d1f7d21e5d1868f03b336706fe7,7c269da27d21add186ad03b371706fe7,000000bd000048000022000047000000,4,1248,3
2,13,00112233445566778899aabbccddf18c,7,1,7,50,2,1,00000000000000005000000000000000,1f54cade1287b976bd1f7e4cd85ab27c,1f54fcde1263b976241f7e4cd85ab2d8,0000360000e4000099000000000000a4,4,2481,0
2,14,00112233445566778899aabbccddf18d,4,1,2,10,1,1,00000000000000000000000000100000,878d9f4945ad3f8bee3b191a4f242d6c,878d9f2445adc88beef5191a7d242d6c,0000006d0000f70000ce000032000000,4,1248,3
2,15,00112233445566778899aabbccddf18e,0,1,0,50,2,1,00000000000000000000000000000050,99beba96fdda530abe55389441bcd6da,99beba0bfdda330abe0f38948ebcd6da,0000009d00006000005a0000cf000000,4,1248,3
2,16,00112233445566778899aabbccddf18f,4,1,4,14,2,1,00000000000000000000001400000000,5f98cd3f5eeaa1e2870e1c856a1427ae,5f98033f5ed8a1e2270e1c856a14272e,0000ce0000320000a000000000000080,4,2481,0
2,17,00112233445566778899aabbccddf190,2,1,1,08,1,1,00000000000000000000000000000800,2ce36438e4388cf15cbf1cf57e4158bb,2ce364a3e43879f15cac1cf5e04158bb,0000009b0000f500001300009e000000,4,1248,3
2,18,00112233445566778899aabbccddf191,7,1,9,40,1,1,00000000000040000000000000000000,a1e09a35c36a887cc62ee32213e61856,a1ce9a35d86a887cc62ee3c713e6a356,002e00001b000000000000e50000bb00,4,4812,1
2,19,00112233445566778899aabbccddf192,8,1,7,14,2,1,00000000000000001400000000000000,762198dc592999939089b23789872f13,7621b2dc59d199931389b23789872f8e,00002a0000f80000830000000000009d,4,2481,0
2,20,00112233445566778899aabbccddf193,9,1,9,12,2,1,00000000000012000000000000000000,1f4862cde9e062d0b75dddc7d8822a62,1f9562cd93e062d0b75dddd6d882c962,00dd00007a000000000000110000e300,4,4812,1
2,21,00112233445566778899aabbccddf194,12,1,13,60,2,1,00006000000000000000000000000000,c8f374823340c8a2bcf0bab8b15623fa,f0f374823340c8f6bcf05ab8b1d523fa,38000000000000540000e00000830000,4,8124,2
2,22,00112233445566778899aabbccddf195,9,1,7,20,1,1,00000000000000002000000000000000,8ed97e682b3f1b17886710adbfd383c6,8ed98d682b4d1b17a86710adbfd3832a,0000f3000072000020000000000000ec,4,2481,0
2,23,00112233445566778899aabbccddf196,13,1,13,88,2,1,00008800000000000000000000000000,2e31d8f66620905fcd6d56946513f0cc,8f31d8f6662090accd6def94658ef0cc,a1000000000000f30000b900009d0000,4,8124,2
2,24,00112233445566778899aabbccddf197,14,1,13,40,1,1,00004000000000000000000000000000,036087507a3b15a5ffa3279661bc4115,ce6087507a3b15feffa3319661764115,cd0000000000005b0000160000ca0000,4,8124,2
2,25,00112233445566778899aabbccddf198,0,1,0,24,2,1,00000000000000000000000000000024,fd953dfbf79a953addb09befda1e74cb,fd953d05f79a453add649bef681e74cb,000000fe0000d00000d40000b2000000,4,1248,3
2,26,00112233445566778899aabbccddf199,6,1,8,01,1,1,00000000000000010000000000000000,9982f83a67b8958cd76f5cbb70c2bc33,990cf83ac1b8958cd76f5c9570c21a33,008e0000a60000000000002e0000a600,4,4812,1
2,27,00112233445566778899aabbccddf19a,7,1,5,40,1,1,00000000000000000000400000000000,6243f8a66957d1d399f055ad670eb2c5,62435ea66941d1d3edf055ad670eb2af,0000a60000160000740000000000006a,4,2481,0
2,28,00112233445566778899aabbccddf19b,12,1,10,01,1,1,00000000000100000000000000000000,db025fb7e171a83104d505596507ba3d,db405fb79c71a83104d5055d6507b03d,004200007d0000000000000400000a00,4,4812,1
2,29,00112233445566778899aabbccddf19c,15,1,14,20,1,1,00200000000000000000000000000000,dda5a92cab101a02864f382953a32a67,0ca5a92cab101aa1864f3c2953ac2a67,d1000000000000a300000400000f0000,4,8124,2
2,30,00112233445566778899aabbccddf19d,5,1,3,01,1,1,00000000000000000000000001000000,144c70633a749e34b679f24de33a4094,144c70163a743334b6d1f24d693a4094,000000750000ad0000a800008a000000,4,1248,3
2,31,00112233445566778899aabbccddf19e,10,1,11,50,2,1,00000000500000000000000000000000,6ee5448afb993f4047ff72e258cce30f,6e35448ab5993f4047ff728558cccb0f,00d000004e0000000000006700002800,4,4812,1
2,32,00112233445566778899aabbccddf19f,15,1,15,04,1,1,04000000000000000000000000000000,2c0134d9fcbb6693e705988929599aed,9c0134d9fcbb660de7051d8929479aed,b00000000000009e00008500001e0000,4,8124,2
2,33,00112233445566778899aabbccddf1a0,11,1,10,08,1,1,00000000000800000000000000000000,e26d19f1d27ee8da517dbe69d36deeae,e21c19f1837ee8da517dbe51d36dcfae,00710000510000000000003800002100,4,4812,1
2,34,00112233445566778899aabbccddf1a1,2,1,1,10,1,1,00000000000000000000000000001000,c3f3114e1fbf387a003274844b3b2ba5,c3f311711fbf9e7a00117484713b2ba5,0000003f0000a600002300003a000000,4,1248,3
2,35,00112233445566778899aabbccddf1a2,12,1,12,c0,2,1,000000c0000000000000000000000000,b4825db83c4241971e55bf4968622ef7,f9825db83c4241c91e55c64968be2ef7,4d0000000000005e0000790000dc0000,4,8124,2
2,36,00112233445566778899aabbccddf1a3,10,1,9,28,2,1,00000000000028000000000000000000,02bfe95c1cecc80c5cecc56093ea37b7,022ce95c97ecc80c5cecc56893ead8b7,009300008b000000000000080000ef00,4,4812,1
2,37,00112233445566778899aabbccddf1a4,7,1,9,80,1,1,00000000000080000000000000000000,dcb81fc2235f396005185c504319a21c,dcd31fc22b5f396005185c6243190a1c,006b000008000000000000320000a800,4,4812,1
2,38,00112233445566778899aabbccddf1a5,6,1,8,02,1,1,00000000000000020000000000000000,30869adbaa101f90dba22e9c6b36f82e,302c9adbbe101f90dba22e516b36692e,00aa000014000000000000cd00009100,4,4812,1
2,39,00112233445566778899aabbccddf1a6,9,1,11,08,1,1,00000000080000000000000000000000,e588523d4cbd5b484966ceb23aa427aa,e5ee523d3cbd5b484966cece3aa477aa,00660000700000000000007c00005000,4,4812,1
2,40,00112233445566778899aabbccddf1a7,2,1,3,14,2,1,00000000000000000000000014000000,087fbc796c611bc149961d8578745c6c,087fbc946c6183c149351d85aa745c6c,000000ed0000980000a30000d2000000,4,1248,3
2,41,00112233445566778899aabbccddf1a8,8,1,9,02,1,1,00000000000002000000000000000000,40511bc5710f26f076fe945144ef0190,408b1bc58f0f26f076fe94c744ef6490,00da0000fe0000000000009600006500,4,4812,1
2,42,00112233445566778899aabbccddf1a9,5,1,3,01,1,1,00000000000000000000000001000000,f241bc8f2dff952fac421091fa555b3f,f241bc1a2dff712facf6109179555b3f,000000950000e40000b4000083000000,4,1248,3
2,43,00112233445566778899aabbccddf1aa,12,1,14,08,1,1,00080000000000000000000000000000,cebee03adaa6c905ca0966c9276da350,71bee03adaa6c9c8ca095fc927a5a350,bf000000000000cd0000390000c80000,4,8124,2
2,44,00112233445566778899aabbccddf1ab,15,1,14,80,1,1,00800000000000000000000000000000,762bb12dc1bb1514f2c4d94578c5febb,882bb12dc1bb156ff2c49a45787efebb,fe0000000000007b0000430000bb0000,4,8124,2
2,45,00112233445566778899aabbccddf1ac,12,1,11,12,2,1,00000000120000000000000000000000,eda8d7467cafe5bbf67811414773fc0d,ed16d7468bafe5bbf67811d44773670d,00be0000f70000000000009500009b00,4,4812,1
2,46,00112233445566778899aabbccddf1ad,5,1,6,50,2,1,00000000000000000050000000000000,76656d38b212a1cf87fbf6d296f3dfbc,76655038b208a1cfc7fbf6d296f3dfdb,00003d00001a00004000000000000067,4,2481,0
2,47,00112233445566778899aabbccddf1ae,1,1,0,80,1,1,00000000000000000000000000000080,f651c60da78c72dad0b0078c4153d52b,f651c68ba78ca6dad032078c9253d52b,000000860000d40000820000d3000000,4,1248,3
2,48,00112233445566778899aabbccddf1af,4,1,4,20,1,1,00000000000000000000002000000000,ed54bf6e39d717378fb230a7a75e14fc,ed54b86e39cf1737acb230a7a75e14c9,00000700001800002300000000000035,4,2481,0
2,49,00112233445566778899aabbccddf1b0,11,1,10,03,2,1,00000000000300000000000000000000,c6bc18977d56a1a6d0c4a2f37d3fe549,c6ed1897e756a1a6d0c4a21e7d3f9749,005100009a000000000000ed00007200,4,4812,1
2,50,00112233445566778899aabbccddf1b1,13,1,11,10,1,1,00000000100000000000000000000000,e50a3a1dc363356d3c11093ab2c6a036,e58d3a1d2563356d3c1109d0b2c6f836,00870000e6000000000000ea00005800,4,4812,1
2,51,00112233445566778899aabbccddf1b2,4,1,2,20,1,1,00000000000000000000000000200000,8e21e83008eb77cc2af8c0a71ad4c8d3,8e21e88d08eb60cc2a9cc0a7c2d4c8d3,000000bd0000170000640000d8000000,4,1248,3
2,52,00112233445566778899aabbccddf1b3,7,1,7,03,2,1,00000000000000000300000000000000,74fae9c1716624490bc6f42fba137238,74fa2bc171cc24499bc6f42fba1372f1,0000c20000aa000090000000000000c9,4,2481,0
2,53,00112233445566778899aabbccddf1b4,3,1,2,12,2,1,00000000000000000000000000120000,b0f1e8ee872b17b3e4d22f14db6e2b53,b0f1e8d6872b48b3e4ca2f14216e2b53,0000003800005f0000180000fa000000,4,1248,3
2,54,00112233445566778899aabbccddf1b5,5,1,7,01,1,1,00000000000000000100000000000000,2e9144c210e0f505d576cf184e225b64,2e91b2c21018f5050476cf184e225bc4,0000f60000f80000d1000000000000a0,4,2481,0
2,55,00112233445566778899aabbccddf1b6,11,1,13,40,1,1,00004000000000000000000000000000,b2bc2c309204b427cecf3962b9e743f2,39bc2c309204b432cecfc762b91043f2,8b000000000000150000fe0000f70000,4,8124,2
2,56,00112233445566778899aabbccddf1b7,14,1,14,28,2,1,00280000000000000000000000000000,27ac58d47511dde5bcf9218aba1785ac,88ac58d47511dde9bcf9b98abadb85ac,af0000000000000c0000980000cc0000,4,8124,2
2,57,00112233445566778899aabbccddf1b8,3,1,3,24,2,1,00000000000000000000000024000000,e9529998693fc46a4fb25451a8e54cc5,e95299eb693f396a4f5f545184e54cc5,000000730000fd0000ed00002c000000,4,1248,3
2,58,00112233445566778899aabbccddf1b9,15,1,15,20,1,1,20000000000000000000000000000000,a610594329d398f9a2e07e73481b1d5e,5410594329d3986ea2e0be73489b1d5e,f2000000000000970000c00000800000,4,8124,2
2,59,00112233445566778899aabbccddf1ba,5,1,3,01,1,1,00000000000000000000000001000000,2f6414936dd71a4b1fd70076b5372506,2f64147e6dd7134b1fe20076b8372506,000000ed00000900003500000d000000,4,1248,3
2,60,00112233445566778899aabbccddf1bb,6,1,4,10,1,1,00000000000000000000001000000000,488916b906c35f721e72cc33a99e125b,488928b906695f72dd72cc33a99e12da,00003e0000aa0000c300000000000081,4,2481,0
2,61,00112233445566778899aabbccddf1bc,5,1,3,10,1,1,00000000000000000000000010000000,112cbb29d47157ed628344530084e4ea,112cbb9ad4718eed627a44537d84e4ea,000000b30000d90000f900007d000000,4,1248,3
2,62,00112233445566778899aabbccddf1bd,0,1,0,24,2,1,00000000000000000000000000000024,7cf6dcf3e07552614699c84dea4216bd,7cf6dc68e075ba6146c7c84d5a4216bd,0000009b0000e800005e0000b0000000,4,1248,3
2,63,00112233445566778899aabbccddf1be,4,1,2,40,1,1,00000000000000000000000000400000,bb1138d81fb5f1c27c8ece694f1b552b,bb1138c81fb5eec27cc9ce69651b552b,0000001000001f00004700002a000000,4,1248,3
2,64,00112233445566778899aabbccddf1bf,8,1,9,28,2,1,00000000000028000000000000000000,bf4968c9912400bd55a348b02855e1ce,bff268c9f12400bd55a348d6285577ce,00bb0000600000000000006600009600,4,4812,1
2,65,00112233445566778899aabbccddf1c0,0,1,0,24,2,1,00000000000000000000000000000024,cb18b72f490d715121d6ba008d80b4a5,cb18b792490da45121b5ba008a80b4a5,000000bd0000d5000063000007000000,4,1248,3
2,66,00112233445566778899aabbccddf1c1,9,1,7,80,1,1,00000000000000008000000000000000,b496125a8d87f042258827168afba9f6,b4969c5a8dadf0423d8827168afba9ce,00008e00002a00001800000000000038,4,2481,0
2,67,00112233445566778899aabbccddf1c2,14,1,13,60,2,1,00006000000000000000000000000000,89818b1731e710eea9dfac1450ca95f1,4d818b1731e7108ba9df1b14509395f1,c4000000000000650000b70000590000,4,8124,2
2,68,00112233445566778899aabbccddf1c3,5,1,3,20,1,1,00000000000000000000000020000000,9b4a0c8f185e54cca2d33cca55d0f35a,9b4a0ce4185edbcca2353cca61d0f35a,0000006b00008f0000e6000034000000,4,1248,3
2,69,00112233445566778899aabbccddf1c4,9,1,10,88,2,1,00000000008800000000000000000000,1d8de5bffb7fa19c17ce12eb05f0667e,1d9de5bf5a7fa19c17ce123c05f07c7e,00100000a1000000000000d700001a00,4,4812,1
2,70,00112233445566778899aabbccddf1c5,2,1,0,80,1,1,00000000000000000000000000000080,0fbe659afbb20330cc779323fe79a266,0fbe655cfbb24930cc1f93239679a266,000000c600004a000068000068000000,4,1248,3
2,71,00112233445566778899aabbccddf1c6,13,1,14,24,2,1,00240000000000000000000000000000,cd42daf63375f351f40c4fce3eb2ba40,e742daf63375f388f40c05ce3eb7ba40,2a000000000000d900004a0000050000,4,8124,2
2,72,00112233445566778899aabbccddf1c7,9,1,7,80,1,1,00000000000000008000000000000000,ff50529994076bbb6f2beaf827dd8357,ff50e09994916bbbb52beaf827dd8341,0000b20000960000da00000000000016,4,2481,0
2,73,00112233445566778899aabbccddf1c8,11,1,9,40,1,1,00000000000040000000000000000000,3da3cfc3961cad1ad256c83254e2ae7a,3df5cfc3d51cad1ad256c8e854e2b47a,0056000043000000000000da00001a00,4,4812,1
2,74,00112233445566778899aabbccddf1c9,11,1,13,02,1,1,00000200000000000000000000000000,b4fa0586abfbf37f1a8c4312311d1582,c9fa0586abfbf3c11a8c9c1231071582,7d000000000000be0000df00001a0000,4,8124,2
2,75,00112233445566778899aabbccddf1ca,14,1,12,01,1,1,00000001000000000000000000000000,59553c63d9ba3294df50d4d930aebf96,dd553c63d9ba320fdf503dd9306fbf96,840000000000009b0000e90000c10000,4,8124,2
2,76,00112233445566778899aabbccddf1cb,4,1,2,01,1,1,00000000000000000000000000010000,604e69635038f034f40eed7087b2bed8,604e69c25038a834f44eed706eb2bed8,000000a10000580000400000e9000000,4,1248,3
2,77,00112233445566778899aabbccddf1cc,13,1,14,11,2,1,00110000000000000000000000000000,aed2ca70cda8b7fdb441963cdec27e08,86d2ca70cda8b730b441fb3cde057e08,28000000000000cd00006d0000c70000,4,8124,2
2,78,00112233445566778899aabbccddf1cd,11,1,9,20,1,1,00000000000020000000000000000000,b81b755034285705da57b053c3489e07,b8007550b5285705da57b020c3481407,001b0000810000000000007300008a00,4,4812,1
2,79,00112233445566778899aabbccddf1ce,14,1,13,0a,2,1,00000a00000000000000000000000000,0e687db9f4e68aa6e3dc319a6126424b,40687db9f4e68a92e3dcd79a615b424b,4e000000000000340000e600007d0000,4,8124,2
2,80,00112233445566778899aabbccddf1cf,8,1,10,02,1,1,00000000000200000000000000000000,8cb745d96c90bf9c69b1e69567bcadb8,8c8945d9dc90bf9c69b1e6bb67bc01b8,003e0000b00000000000002e0000ac00,4,4812,1
2,81,00112233445566778899aabbccddf1d0,6,1,5,12,2,1,00000000000000000000120000000000,7481c9da5aba8ec45ef1a10c1e5aad9c,748188da5af18ec46ff1a10c1e5aad41,00004100004b000031000000000000dd,4,2481,0
2,82,00112233445566778899aabbccddf1d1,12,1,12,12,2,1,00000012000000000000000000000000,f63a8204060137136c8f3682d15f5b4b,173a8204060137f46c8f2e82d1b15b4b,e1000000000000e70000180000ee0000,4,8124,2
2,83,00112233445566778899aabbccddf1d2,12,1,11,12,2,1,00000000120000000000000000000000,6a7e89434e3fa99e0c51e2d033680184,6ac28943423fa99e0c51e2bf3368f484,00bc00000c0000000000006f0000f500,4,4812,1
2,84,00112233445566778899aabbccddf1d3,3,1,4,06,2,1,00000000000000000000000600000000,879f04e01a47dd016d04c4e0181b709a,879f08e01a26dd01a304c4e0181b7049,00000c0000610000ce000000000000d3,4,2481,0
2,85,00112233445566778899aabbccddf1d4,8,1,8,50,2,1,00000000000000500000000000000000,c1327887cb26526abb71f3925c670e68,c19b78874926526abb71f3465c67b468,00a9000082000000000000d40000ba00,4,4812,1
2,86,00112233445566778899aabbccddf1d5,10,1,8,01,1,1,00000000000000010000000000000000,50d5253b26f2440216ea327045ea6ea4,5092253b19f2440216ea328e45eacea4,004700003f000000000000fe0000a000,4,4812,1
2,87,00112233445566778899aabbccddf1d6,11,1,9,10,1,1,00000000000010000000000000000000,2bcb695a046cc90e3547fe0fcff6977c,2b8a695aa96cc90e3547fe35cff6e47c,00410000ad0000000000003a00007300,4,4812,1
2,88,00112233445566778899aabbccddf1d7,14,1,13,01,1,1,00000100000000000000000000000000,8c12e682e02dc69d495e52698fc06e23,f412e682e02dc631495ed7698f236e23,78000000000000ac0000850000e30000,4,8124,2
2,89,00112233445566778899aabbccddf1d8,7,1,6,88,2,1,00000000000000000088000000000000,e70fcd1c5d7df9f2ab9a8327ecc7b0c6,e70f191c5d4bf9f27f9a8327ecc7b00b,0000d40000360000d4000000000000cd,4,2481,0
2,90,00112233445566778899aabbccddf1d9,8,1,6,40,1,1,00000000000000000040000000000000,fe3a1df2cd91e8dae65109372c2c2e45,fe3ad1f2cd07e8daa05109372c2c2e71,0000cc00009600004600000000000034,4,2481,0
2,91,00112233445566778899aabbccddf1da,2,1,1,20,1,1,00000000000000000000000000002000,486c6d1d40fdda0b496e84937edf6156,486c6d2140fd020b49f5849337df6156,0000003c0000d800009b000049000000,4,1248,3
2,92,00112233445566778899aabbccddf1db,15,1,13,04,1,1,00000400000000000000000000000000,bbbe2ca1ab4e35062e773ffb9ea8bcfb,acbe2ca1ab4e357c2e7793fb9e9fbcfb,170000000000007a0000ac0000370000,4,8124,2
2,93,00112233445566778899aabbccddf1dc,2,1,0,10,1,1,00000000000000000000000000000010,449505665e6c994929df824893830dfe,449505e35e6c774929d8824803830dfe,000000850000ee000007000090000000,4,1248,3
2,94,00112233445566778899aabbccddf1dd,13,1,12,40,1,1,00000040000000000000000000000000,bad229ec84c0154dad0ed510e34bb0d8,7dd229ec84c015b9ad0e3310e387b0d8,c7000000000000f40000e60000cc0000,4,8124,2
2,95,00112233445566778899aabbccddf1de,13,1,13,04,1,1,00000400000000000000000000000000,1ad89a6ddeb592f85fa6dd6f441656eb,2ad89a6ddeb592bd5fa6c76f44a056eb,300000000000004500001a0000b60000,4,8124,2
2,96,00112233445566778899aabbccddf1df,9,1,7,20,1,1,00000000000000002000000000000000,d9f872ae13378085ebf74d21df7313f1,d9f8d1ae13488085f0f74d21df731352,0000a300007f00001b000000000000a3,4,2481,0
2,97,00112233445566778899aabbccddf1e0,5,1,5,48,2,1,00000000000000000000480000000000,fdc482401402742a7b1a46aa67f8c068,fdc4254014d7742a331a46aa67f8c0ef,0000a70000d500004800000000000087,4,2481,0
2,98,00112233445566778899aabbccddf1e1,15,1,15,88,2,1,88000000000000000000000000000000,ede3c57d7bcd09278544f55171428732,1de3c57d7bcd09ae8544f451716e8732,f00000000000008900000100002c0000,4,8124,2
2,99,00112233445566778899aabbccddf1e2,8,1,6,10,1,1,00000000000000000010000000000000,5eb6933a7aef9d5a1926b67877e73724,5eb6ab3a7a4b9d5adf26b67877e737da,0000380000a40000c6000000000000fe,4,2481,0
2,100,00112233445566778899aabbccddf1e3,8,1,6,80,1,1,00000000000000000080000000000000,e8e37f697c6fe526506b83146aa49b88,e8e3b3697c90e5265c6b83146aa49bbc,0000cc0000ff00000c00000000000034,4,2481,0
2,101,00112233445566778899aabbccddf1e4,13,1,12,60,2,1,00000060000000000000000000000000,b405b8173f74eb839b38d1eea97f2b12,1e05b8173f74eb729b38f5eea92a2b12,aa000000000000f10000240000550000,4,8124,2
2,102,00112233445566778899aabbccddf1e5,6,1,6,40,1,1,00000000000000000040000000000000,e14827bfab26e65ad0663a05a1c189fd,e1487fbfab29e65ac9663a05a1c18956,00005800000f000019000000000000ab,4,2481,0
2,103,00112233445566778899aabbccddf1e6,1,1,1,14,2,1,00000000000000000000000000001400,4df297ed99dca63028e1f764f422c2f7,4df297b899dcdc3028dff7642e22c2f7,0000005500007a00003e0000da000000,4,1248,3
2,104,00112233445566778899aabbccddf1e7,2,1,4,10,1,1,00000000000000000000001000000000,cd6e069115a61d010e6409704ff392d9,cd6e1a9115f21d01426409704ff39215,00001c00005400004c000000000000cc,4,2481,0
2,105,00112233445566778899aabbccddf1e8,5,1,4,12,2,1,00000000000000000000001200000000,f00e3db3dfa4774978737f79d629a37d,f00e57b3dfc1774908737f79d629a34c,00006a00006500007000000000000031,4,2481,0
2,106,00112233445566778899aabbccddf1e9,10,1,9,11,2,1,00000000000011000000000000000000,f0d2d48beb09424f06d642487d8edc63,f0abd48b5e09424f06d642397d8e2063,00790000b5000000000000710000fc00,4,4812,1
2,107,00112233445566778899aabbccddf1ea,10,1,10,14,2,1,00000000001400000000000000000000,2e8386c26ba3c9da64bf285509aefcd3,2e8186c23ea3c9da64bf282709ae77d3,00020000550000000000007200008b00,4,4812,1
2,108,00112233445566778899aabbccddf1eb,2,1,4,01,1,1,00000000000000000000000100000000,42127b1ee3d5d0e46a2839844c1d4741,4212301ee3bcd0e46b2839844c1d4791,00004b000069000001000000000000d0,4,2481,0
2,109,00112233445566778899aabbccddf1ec,0,1,0,20,1,1,00000000000000000000000000000020,f54bf31bf82d439d9a79c192e0d3089f,f54bf383f82d489d9a53c19258d3089f,0000009800000b00002a0000b8000000,4,1248,3
2,110,00112233445566778899aabbccddf1ed,12,1,14,04,1,1,00040000000000000000000000000000,089f7b2c4e5c9edceb8d34c6e47605d5,2d9f7b2c4e5c9e97eb8d4cc6e4af05d5,250000000000004b0000780000d90000,4,8124,2
2,111,00112233445566778899aabbccddf1ee,5,1,5,60,2,1,00000000000000000000600000000000,ac246497f881a62611fc199341be8cae,ac242c97f8caa62614fc199341be8c38,00004800004b00000500000000000096,4,2481,0
2,112,00112233445566778899aabbccddf1ef,5,1,3,80,1,1,00000000000000000000000080000000,2c5af208e9193f8fc9776a1ad51093a5,2c5af22ee9190b8fc91f6a1a191093a5,000000260000340000680000cc000000,4,1248,3
2,113,00112233445566778899aabbccddf1f0,6,1,4,08,1,1,00000000000000000000000800000000,529158dde50adae7f013fe1f61e844e1,5291e7dde5cadae70813fe1f61e844c9,0000bf0000c00000f800000000000028,4,2481,0
2,114,00112233445566778899aabbccddf1f1,15,1,15,50,2,1,50000000000000000000000000000000,f5c4d200517fc23277dd7544a75b2622,7ac4d200517fc22277dd1a44a7942622,8f0000000000001000006f0000cf0000,4,8124,2
2,115,00112233445566778899aabbccddf1f2,8,1,8,24,2,1,00000000000000240000000000000000,50943ed80b86f1e3f9d9eb42d2ae02df,50663ed8ad86f1e3f9d9ebdfd2aee6df,00f20000a60000000000009d0000e400,4,4812,1
2,116,00112233445566778899aabbccddf1f3,6,1,6,24,2,1,00000000000000000024000000000000,7dd76460a07a92bd78b680651d028374,7dd72860a09792bdcbb680651d02839f,00004c0000ed0000b3000000000000eb,4,2481,0
2,117,00112233445566778899aabbccddf1f4,11,1,11,0a,2,1,000000000a0000000000000000000000,a92470940c0bba79e9f2c2981bf06b8e,a9637094b40bba79e9f2c2881bf06f8e,00470000b80000000000001000000400,4,4812,1
2,118,00112233445566778899aabbccddf1f5,13,1,12,02,1,1,00000002000000000000000000000000,0114eb3600a4f542f60a9c21037e2dc1,3d14eb3600a4f5c5f60a6c2103e52dc1,3c000000000000870000f000009b0000,4,8124,2
2,119,00112233445566778899aabbccddf1f6,11,1,12,28,2,1,00000028000000000000000000000000,f31e4a646cf41169bb9b4484d10cb348,721e4a646cf41105bb9b9d84d152b348,810000000000006c0000d900005e0000,4,8124,2
2,120,00112233445566778899aabbccddf1f7,1,1,3,40,1,1,00000000000000000000000040000000,ad911652cef55f0c6fb2cb75f151c103,ad9116e0cef5710c6f80cb752651c103,000000b200002e0000320000d7000000,4,1248,3
2,121,00112233445566778899aabbccddf1f8,12,1,14,80,1,1,00800000000000000000000000000000,21ecbeb6bbb09df1114d905e29517512,37ecbeb6bbb09d0a114dd25e29977512,16000000000000fb0000420000c60000,4,8124,2
2,122,00112233445566778899aabbccddf1f9,3,1,5,04,1,1,00000000000000000000040000000000,9f9ff199d0cd0a2a0391fad5b28ced43,9f9f5099d05c0a2a9491fad5b28ced97,0000a1000091000097000000000000d4,4,2481,0
2,123,00112233445566778899aabbccddf1fa,7,1,5,80,1,1,00000000000000000000800000000000,a31474ad4d08b0bb30b64a8970602f7a,a31480ad4d71b0bbdfb64a8970602fdb,0000f40000790000ef000000000000a1,4,2481,0
2,124,00112233445566778899aabbccddf1fb,8,1,7,28,2,1,00000000000000002800000000000000,6ee1969970658f5418e24dbf9c66a631,6ee1c89970608f54f3e24dbf9c66a6f2,00005e0000050000eb000000000000c3,4,2481,0
2,125,00112233445566778899aabbccddf1fc,0,1,2,40,1,1,00000000000000000000000000400000,19788e33230e86edcd38e76e33707913,19788e6a230ee2edcd53e76eea707913,0000005900006400006b0000d9000000,4,1248,3
2,126,00112233445566778899aabbccddf1fd,3,1,5,40,1,1,00000000000000000000400000000000,8abd29dc0b512dab861d10fa3b0b0b3c,8abd18dc0bf62dab371d10fa3b0b0b53,0000310000a70000b10000000000006f,4,2481,0
2,127,00112233445566778899aabbccddf1fe,9,1,9,06,2,1,00000000000006000000000000000000,83b4409258c50d67f89aeeb29ec22cc6,83f7409265c50d67f89aee229ec266c6,004300003d0000000000009000004a00,4,4812,1
2,128,00112233445566778899aabbccddf1ff,13,1,11,02,1,1,00000000020000000000000000000000,f07fd63b4542cef808c7c3e132552b47,f0d1d63b7642cef808c7c31e32557947,00ae000033000000000000ff00005200,4,4812,1
2,129,00112233445566778899aabbccddf200,6,1,7,14,2,1,00000000000000001400000000000000,9a216918e1c0648c174d08f246a83e9c,9a21ea18e1e0648c5a4d08f246a83ead,00008300002000004d00000000000031,4,2481,0
2,130,00112233445566778899aabbccddf201,1,1,1,12,2,1,00000000000000000000000000001200,632f318179b8b51d1393ec92533ed586,632f31f079b8121d13e1ec92b13ed586,000000710000a70000720000e2000000,4,1248,3
2,131,00112233445566778899aabbccddf202,5,1,4,12,2,1,00000000000000000000001200000000,963d941344af5c93c63347c0319882a6,963d6e1344695c93f43347c03198829e,0000fa0000c600003200000000000038,4,2481,0
2,132,00112233445566778899aabbccddf203,7,1,7,20,1,1,00000000000000002000000000000000,8894fea795ebeac9eff75fc32704f828,889454a795a9eac969f75fc32704f8e2,0000aa000042000086000000000000ca,4,2481,0
2,133,00112233445566778899aabbccddf204,4,1,5,08,1,1,00000000000000000000080000000000,1e8bbef809da8fee380cc27148ec87ab,1e8b96f809ea8feeb40cc27148ec87a9,00002800003000008c00000000000002,4,2481,0
2,134,00112233445566778899aabbccddf205,14,1,12,02,1,1,00000002000000000000000000000000,fa3c90923279eb5a2faa9cc8e19ae83b,583c90923279eb1c2faa6cc8e11ce83b,a2000000000000460000f00000860000,4,8124,2
2,135,00112233445566778899aabbccddf206,4,1,6,10,1,1,00000000000000000010000000000000,b60ee4f0cef1ffc0ce30c77cbce788b7,b60e72f0ce07ffc01230c77cbce788ab,0000960000f60000dc0000000000001c,4,2481,0
2,136,00112233445566778899aabbccddf207,10,1,9,01,1,1,00000000000001000000000000000000,252642bcd73bb5820c2d154bee4cb0df,252e42bc523bb5820c2d15c1ee4cd6df,00080000850000000000008a00006600,4,4812,1
2,137,00112233445566778899aabbccddf208,15,1,13,80,1,1,00008000000000000000000000000000,2d6b643a697d9aec5e71ffb8c597fc59,e26b643a697d9a625e7141b8c59efc59,cf0000000000008e0000be0000090000,4,8124,2
2,138,00112233445566778899aabbccddf209,9,1,9,14,2,1,00000000000014000000000000000000,02e7b09e7782572c3d79d336041522a2,0238b09ee682572c3d79d3650415e5a2,00df000091000000000000530000c700,4,4812,1
2,139,00112233445566778899aabbccddf20a,1,1,1,c0,2,1,0000000000000000000000000000c000,6d323e43dc53c77050705b8aeadcf58e,6d323e18dc53c57050e25b8a33dcf58e,0000005b0000020000920000d9000000,4,1248,3
2,140,00112233445566778899aabbccddf20b,3,1,1,20,1,1,00000000000000000000000000002000,f53efb22475ef6134a1d56c78857faea,f53efb77475e3b134a8056c71757faea,000000550000cd00009d00009f000000,4,1248,3
2,141,00112233445566778899aabbccddf20c,7,1,8,20,1,1,00000000000000200000000000000000,8c4488abcc972c6262e000433b0c2461,8c3d88ab8e972c6262e000d13b0c1561,00790000420000000000009200003100,4,4812,1
2,142,00112233445566778899aabbccddf20d,5,1,4,08,1,1,00000000000000000000000800000000,5bf5759d4c17df1caf34350424a7cf6f,5bf5629d4c01df1c4f34350424a7cfd1,0000170000160000e0000000000000be,4,2481,0
2,143,00112233445566778899aabbccddf20e,14,1,15,20,1,1,20000000000000000000000000000000,092b32f437830d2d93725950111d2404,d62b32f437830d769372b15011cf2404,df0000000000005b0000e80000d20000,4,8124,2
2,144,00112233445566778899aabbccddf20f,7,1,7,50,2,1,00000000000000005000000000000000,6db4aea1b65f9e1d5c753bf684d559f8,6db487a1b6819e1ddd753bf684d5599a,0000290000de00008100000000000062,4,2481,0
2,145,00112233445566778899aabbccddf210,14,1,14,02,1,1,00020000000000000000000000000000,1b0de9cdedd8c2406c58e608b7ddcecc,1f0de9cdedd8c2436c585a08b73bcecc,04000000000000030000bc0000e60000,4,8124,2
2,146,00112233445566778899aabbccddf211,15,1,15,01,1,1,01000000000000000000000000000000,cb3859015bf4b7b7cab42297e1ae566c,8a3859015bf4b73ccab42997e16f566c,410000000000008b00000b0000c10000,4,8124,2
2,147,00112233445566778899aabbccddf212,10,1,11,c0,2,1,00000000c00000000000000000000000,478bc166dbf1fc93acdc3da1d3377d54,47f0c166f3f1fc93acdc3dc0d337c254,007b000028000000000000610000bf00,4,4812,1
2,148,00112233445566778899aabbccddf213,6,1,6,14,2,1,00000000000000000014000000000000,8f0a27e3c70d2693cbb7fc1a3d582fa2,8f0a3de3c7a3269332b7fc1a3d582f90,00001a0000ae0000f900000000000032,4,2481,0
2,149,00112233445566778899aabbccddf214,5,1,3,40,1,1,00000000000000000000000040000000,407a525576c133ffa05bc42ec0837707,407a525076c12dffa074c42ec5837707,0000000500001e00002f000005000000,4,1248,3
2,150,00112233445566778899aabbccddf215,8,1,6,80,1,1,00000000000000000080000000000000,5de656654316390867239ef289573c0f,5de6ed6543c3390841239ef289573c3c,0000bb0000d500002600000000000033,4,2481,0
2,151,00112233445566778899aabbccddf216,13,1,12,04,1,1,00000004000000000000000000000000,613ecae6ae4b4105921d6d5ca37a7e72,d03ecae6ae4b41c8921d445ca31d7e72,b1000000000000cd0000290000670000,4,8124,2
2,152,00112233445566778899aabbccddf217,3,1,3,c0,2,1,000000000000000000000000c0000000,3287fc6ece970ade86d1a4a0655485b0,3287fc76ce973cde86f4a4a0955485b0,000000180000360000250000f0000000,4,1248,3
2,153,00112233445566778899aabbccddf218,8,1,7,20,1,1,00000000000000002000000000000000,85b6068c079368c3490d052f22500500,85b6b58c072d68c3f40d052f225005a0,0000b30000be0000bd000000000000a0,4,2481,0
2,154,00112233445566778899aabbccddf219,7,1,7,12,2,1,00000000000000001200000000000000,c35c43b5301cffef232f6353afa6cb26,c35c4cb530a9ffef852f6353afa6cb58,00000f0000b50000a60000000000007e,4,2481,0
2,155,00112233445566778899aabbccddf21a,9,1,9,88,2,1,00000000000088000000000000000000,077e89a7415d92b1c0be5fc9ce69a26d,07ad89a7095d92b1c0be5fc4ce69d96d,00d30000480000000000000d00007b00,4,4812,1
2,156,00112233445566778899aabbccddf21b,13,1,11,02,1,1,00000000020000000000000000000000,3137c9697fa00019a0eb7d46d06a4949,3110c96936a00019a0eb7d29d06a0e49,00270000490000000000006f00004700,4,4812,1
2,157,00112233445566778899aabbccddf21c,0,1,0,01,1,1,00000000000000000000000000000001,8f739f6226f70c56bafb029fdae0dabe,8f739f6126f7a156ba98029fe0e0dabe,000000030000ad00006300003a000000,4,1248,3
2,158,00112233445566778899aabbccddf21d,6,1,5,01,1,1,00000000000000000000010000000000,8d9b3585c8dedf24f2e0b179e712e350,8d9bc685c8c5df240de0b179e712e3a8,0000f300001b0000ff000000000000f8,4,2481,0
2,159,00112233445566778899aabbccddf21e,0,1,0,c0,2,1,000000000000000000000000000000c0,278e659692a83967ed472703a46b86c7,278e657e92a8fe67ed4327032f6b86c7,000000e80000c700000400008b000000,4,1248,3
2,160,00112233445566778899aabbccddf21f,8,1,6,80,1,1,00000000000000000080000000000000,e4deaf6363c06e4b4aa83d271fa30880,e4deeb63638f6e4bcba83d271fa308ac,00004400004f0000810000000000002c,4,2481,0
2,161,00112233445566778899aabbccddf220,14,1,14,06,2,1,00060000000000000000000000000000,00a17fa018eab19aacae73a30b7313d0,d2a17fa018eab1d6acae30a30b3213d0,d20000000000004c0000430000410000,4,8124,2
2,162,00112233445566778899aabbccddf221,10,1,10,c0,2,1,0000000000c000000000000000000000,b49b96b7fba399112225f0494b94c183,b48f96b7e4a399112225f0194b940583,001400001f000000000000500000c400,4,4812,1
2,163,00112233445566778899aabbccddf222,5,1,5,88,2,1,00000000000000000000880000000000,d8f78fd1b7dc3d0d33d586214b97c126,d8f70bd1b77d3d0d89d586214b97c191,0000840000a10000ba000000000000b7,4,2481,0
2,164,00112233445566778899aabbccddf223,14,1,15,40,1,1,40000000000000000000000000000000,73dfb0891994ef7527479b3d4fe82095,71dfb0891994efa32747aa3d4f7a2095,02000000000000d60000310000920000,4,8124,2
2,165,00112233445566778899aabbccddf224,0,1,0,02,1,1,00000000000000000000000000000002,8646eab7213e72bacb27db8482bd26f0,8646ea22213ea3bacb3adb8453bd26f0,000000950000d100001d0000d1000000,4,1248,3
2,166,00112233445566778899aabbccddf225,5,1,5,03,2,1,00000000000000000000030000000000,b0bd766142119bfad9fcdd558b99a051,b0bd646142529bfa7cfcdd558b99a099,0000120000430000a5000000000000c8,4,2481,0
2,167,00112233445566778899aabbccddf226,6,1,4,40,1,1,00000000000000000000004000000000,d96303e8b253db29d3b7ce0ef5500807,d963b1e8b2b3db2919b7ce0ef5500805,0000b20000e00000ca00000000000002,4,2481,0
2,168,00112233445566778899aabbccddf227,14,1,12,08,1,1,00000008000000000000000000000000,6ca7ec945f28d0c53e3969a510a6fe88,81a7ec945f28d06a3e3945a51015fe88,ed000000000000af00002c0000b30000,4,8124,2
2,169,00112233445566778899aabbccddf228,15,1,15,c0,2,1,c0000000000000000000000000000000,5b223f65c1c406d1664c226f30ff5fbf,2c223f65c1c406e2664c776f30e55fbf,770000000000003300005500001a0000,4,8124,2
2,170,00112233445566778899aabbccddf229,11,1,10,04,1,1,00000000000400000000000000000000,571f3f1012f021d3b4444ab01f2693fd,57843f1015f021d3b4444a6e1f260efd,009b000007000000000000de00009d00,4,4812,1
2,171,00112233445566778899aabbccddf22a,12,1,11,12,2,1,00000000120000000000000000000000,430153602f682ad660edf714b1364ce2,43335360f7682ad660edf7ceb136dce2,00320000d8000000000000da00009000,4,4812,1
2,172,00112233445566778899aabbccddf22b,0,1,0,20,1,1,00000000000000000000000000000020,0394833bd93b8c6ed6a54b70d5a12e27,03948302d93b2b6ed6cf4b7001a12e27,000000390000a700006a0000d4000000,4,1248,3
2,173,00112233445566778899aabbccddf22c,0,1,1,11,2,1,00000000000000000000000000001100,9895dc455c0c86bbc6245e5b285c9d02,9895dc845c0cc8bbc6ca5e5b3d5c9d02,000000c100004e0000ee000015000000,4,1248,3
2,174,00112233445566778899aabbccddf22d,2,1,2,12,2,1,00000000000000000000000000120000,2b2d5f976ad6d74287428def99751ca1,2b2d5f326ad6624287a58def0a751ca1,000000a50000b50000e7000093000000,4,1248,3
2,175,00112233445566778899aabbccddf22e,14,1,15,08,1,1,08000000000000000000000000000000,9e383501bc1357036f95a73324fea4c9,f4383501bc1357876f956333249ca4c9,6a000000000000840000c40000620000,4,8124,2
2,176,00112233445566778899aabbccddf22f,0,1,0,12,2,1,00000000000000000000000000000012,6b7cb7e21aab6d9bab3668e13b2d334f,6b7cb7141aabbd9bab3f68e1922d334f,000000f60000d00000090000a9000000,4,1248,3
2,177,00112233445566778899aabbccddf230,13,1,11,08,1,1,00000000080000000000000000000000,74d03de425fb2ba8f7ceba0299ed28d2,74d93de415fb2ba8f7cebaf899ede8d2,0009000030000000000000fa0000c000,4,4812,1
2,178,00112233445566778899aabbccddf231,11,1,10,40,1,1,00000000004000000000000000000000,4e37bee0dc1c5b6f1caa27d0fd594c5e,4e23bee0161c5b6f1caa275afd592f5e,00140000ca0000000000008a00006300,4,4812,1
2,179,00112233445566778899aabbccddf232,0,1,0,40,1,1,00000000000000000000000000000040,11ec87ace111aa9ad975ccedb2cdbeb6,11ec874fe111489ad9a3ccede7cdbeb6,000000e30000e20000d6000055000000,4,1248,3
2,180,00112233445566778899aabbccddf233,14,1,14,50,2,1,00500000000000000000000000000000,b164ff3226d1e30cc4be7282d8787e22,e464ff3226d1e313c4be5b82d80a7e22,550000000000001f0000290000720000,4,8124,2
2,181,00112233445566778899aabbccddf234,13,1,12,50,2,1,00000050000000000000000000000000,455525caa6b060bab6880c6efc25164f,845525caa6b0603db688366efc8b164f,c10000000000008700003a0000ae0000,4,8124,2
2,182,00112233445566778899aabbccddf235,14,1,15,80,1,1,80000000000000000000000000000000,1e424a82bdfa086a4f83f75486a42654,b8424a82bdfa087f4f831d5486ab2654,a6000000000000150000ea00000f0000,4,8124,2
2,183,00112233445566778899aabbccddf236,14,1,15,80,1,1,80000000000000000000000000000000,a318eb29c6d4ca777877acff0ebd27cd,f218eb29c6d4ca017877caff0eff27cd,51000000000000760000660000420000,4,8124,2
2,184,00112233445566778899aabbccddf237,11,1,10,40,1,1,00000000004000000000000000000000,2669f3bd81a67978466f72c3b0bf856f,26c8f3bd33a67978466f72d5b0bf3b6f,00a10000b2000000000000160000be00,4,4812,1
2,185,00112233445566778899aabbccddf238,9,1,7,40,1,1,00000000000000004000000000000000,7be8dd3d268e1715a6dfee91e404125c,7be8773d269e171571dfee91e40412ee,0000aa0000100000d7000000000000b2,4,2481,0
2,186,00112233445566778899aabbccddf239,14,1,13,24,2,1,00002400000000000000000000000000,bd7b0ab8351a2a67f37573a139d33bb1,587b0ab8351a2af3f3752aa139033bb1,e5000000000000940000590000d00000,4,8124,2
2,187,00112233445566778899aabbccddf23a,9,1,8,01,1,1,00000000000000010000000000000000,87c614c454705f27c8b91ec6afb4eb0a,87e714c45b705f27c8b91ecbafb4610a,002100000f0000000000000d00008a00,4,4812,1
2,188,00112233445566778899aabbccddf23b,7,1,7,24,2,1,00000000000000002400000000000000,e36086affa405853163622f769fac7cc,e3607daffa5658537e3622f769fac7be,0000fb00001600006800000000000072,4,2481,0
2,189,00112233445566778899aabbccddf23c,12,1,11,28,2,1,00000000280000000000000000000000,44a43dc9f52768f72cc490ed81fbfcfc,445c3dc9ee2768f72cc4903c81fb79fc,00f800001b000000000000d100008500,4,4812,1
2,190,00112233445566778899aabbccddf23d,7,1,7,11,2,1,00000000000000001100000000000000,1bc9d0ea7cd35e3043f4370b4fd3b0e7,1bc9b5ea7c565e30e6f4370b4fd3b0b9,0000650000850000a50000000000005e,4,2481,0
2,191,00112233445566778899aabbccddf23e,2,1,3,24,2,1,00000000000000000000000024000000,5ffb42cd63af68dd43132c8361911b44,5ffb42d863afa6dd430c2c83d8911b44,000000150000ce00001f0000b9000000,4,1248,3
2,192,00112233445566778899aabbccddf23f,6,1,5,10,1,1,00000000000000000000100000000000,ca0e826d6005ed1aa56b54588e5694dd,ca0edf6d6010ed1a716b54588e5694db,00005d0000150000d400000000000006,4,2481,0
2,193,00112233445566778899aabbccddf240,5,1,6,c0,2,1,000000000000000000c0000000000000,e3e2682aacde2f2bbc40cb8748a10cfe,e3e2a92aac322f2b1740cb8748a10cad,0000c10000ec0000ab00000000000053,4,2481,0
2,194,00112233445566778899aabbccddf241,11,1,9,02,1,1,00000000000002000000000000000000,7a6b3ffc6ef4ec6e4f41ff6e7b4f52e4,7a283ffcf4f4ec6e4f41ff0e7b4fe2e4,004300009a000000000000600000b000,4,4812,1
2,195,00112233445566778899aabbccddf242,13,1,14,03,2,1,00030000000000000000000000000000,39cc266bb76ffac3be8df12b6a98e253,f8cc266bb76ffa46be8d9f2b6a2ee253,c10000000000008500006e0000b60000,4,8124,2
2,196,00112233445566778899aabbccddf243,1,1,1,80,1,1,00000000000000000000000000008000,d1a29a2bba8f2deec2d5f85a855bddc8,d1a29ad0ba8f6ceec288f85a385bddc8,000000fb00004100005d0000bd000000,4,1248,3
2,197,00112233445566778899aabbccddf244,2,1,0,10,1,1,00000000000000000000000000000010,207ec1a8ee3def790eec1bc95e879369,207ec1e8ee3d92790e691bc9d7879369,0000004000007d000085000089000000,4,1248,3
2,198,00112233445566778899aabbccddf245,15,1,14,12,2,1,00120000000000000000000000000000,360fcf1b2a8a016740d4659316ea265e,fe0fcf1b2a8a01b440d44e931695265e,c8000000000000d300002b00007f0000,4,8124,2
2,199,00112233445566778899aabbccddf246,7,1,8,01,1,1,00000000000000010000000000000000,edb9778fd73d8cdb9e3e8c5c52848545,edc0778f523d8cdb9e3e8c115284ad45,00790000850000000000004d00002800,4,4812,1
2,200,00112233445566778899aabbccddf247,7,1,8,06,2,1,00000000000000060000000000000000,176aae29fdcba9f24dd12248266be81d,1770ae29f8cba9f24dd122cd266b451d,001a000005000000000000850000ad00,4,4812,1
2,201,00112233445566778899aabbccddf248,10,1,10,88,2,1,00000000008800000000000000000000,3f9285d2e4922ffc2373de613608ab06,3f1a85d27f922ffc2373debd36087006,008800009b000000000000dc0000db00,4,4812,1
2,202,00112233445566778899aabbccddf249,4,1,3,08,1,1,00000000000000000000000008000000,758d987235e7e6cd62e37b14193ff746,758d980235e7c7cd622b7b149d3ff746,000000700000210000c8000084000000,4,1248,3
2,203,00112233445566778899aabbccddf24a,8,1,7,20,1,1,00000000000000002000000000000000,72a073755b3247c9744afd6a5ded8208,72a026755b8347c9b44afd6a5ded82bb,0000550000b10000c0000000000000b3,4,2481,0
2,204,00112233445566778899aabbccddf24b,12,1,12,14,2,1,00000014000000000000000000000000,06003918655c2b101fa72f92540739c3,88003918655c2bb71fa7a792542539c3,8e000000000000a70000880000220000,4,8124,2
2,205,00112233445566778899aabbccddf24c,3,1,1,08,1,1,00000000000000000000000000000800,c5204f693d1f8de6e505e8293d98aa54,c5204fab3d1ff7e6e5cbe8290298aa54,000000c200007a0000ce00003f000000,4,1248,3
2,206,00112233445566778899aabbccddf24d,0,1,0,80,1,1,00000000000000000000000000000080,020fcff80f64afa6223ca2b82841e66f,020fcf5d0f6405a622c3a2b87941e66f,000000a50000aa0000ff000051000000,4,1248,3
2,207,00112233445566778899aabbccddf24e,3,1,3,60,2,1,00000000000000000000000060000000,f78abd796ec6436ba3ccb061f5832c82,f78abd096ec6486ba34db061ff832c82,0000007000000b00008100000a000000,4,1248,3
2,208,00112233445566778899aabbccddf24f,13,1,13,48,2,1,00004800000000000000000000000000,4a5d24e10d5142ec51d3de58d9153bfe,025d24e10d51423651d3d358d96d3bfe,48000000000000da00000d0000780000,4,8124,2
2,209,00112233445566778899aabbccddf250,4,1,4,50,2,1,00000000000000000000005000000000,b31ab107e1dfbf65ff47f72d8cbf6208,b31acf07e11dbf65b747f72d8cbf62d4,00007e0000c2000048000000000000dc,4,2481,0
2,210,00112233445566778899aabbccddf251,11,1,10,20,1,1,00000000002000000000000000000000,8ebfdbb547deaceee3c8a1e517fdb9eb,8e3bdbb58ddeaceee3c8a19f17fd85eb,00840000ca0000000000007a00003c00,4,4812,1
2,211,00112233445566778899aabbccddf252,9,1,10,0a,2,1,00000000000a00000000000000000000,c7f6ad741c6fbe989a955562c7d4ac70,c701ad74ab6fbe989a95558dc7d4ef70,00f70000b7000000000000ef00004300,4,4812,1
2,212,00112233445566778899aabbccddf253,8,1,8,11,2,1,00000000000000110000000000000000,717b6659584fdb18d9cbda88d12ba6de,71e46659b34fdb18d9cbda9bd12bddde,009f0000eb0000000000001300007b00,4,4812,1
2,213,00112233445566778899aabbccddf254,11,1,10,48,2,1,00000000004800000000000000000000,70f6f73084bb7d39acb47ad629bdfbb9,7076f730b3bb7d39acb47afa29bd93b9,00800000370000000000002c00006800,4,4812,1
2,214,00112233445566778899aabbccddf255,12,1,12,24,2,1,00000024000000000000000000000000,4a056d1603d505f0fe6cd8739bbfa4d0,ad056d1603d5051dfe6c91739bcaa4d0,e7000000000000ed0000490000750000,4,8124,2
2,215,00112233445566778899aabbccddf256,5,1,5,50,2,1,00000000000000000000500000000000,88726c7eb3b42c17ac999e693466c91c,88722e7eb3a02c1777999e693466c9c6,0000420000140000db000000000000da,4,2481,0
2,216,00112233445566778899aabbccddf257,0,1,0,04,1,1,00000000000000000000000000000004,12e9ad0233b7388549c2fef4a9e4419b,12e9adaa33b790854900fef43ce4419b,000000a80000a80000c2000095000000,4,1248,3
2,217,00112233445566778899aabbccddf258,8,1,8,80,1,1,00000000000000800000000000000000,206d2d013ac39cef7daaa25927f987ad,20012d0172c39cef7daaa26127f9f0ad,006c0000480000000000003800007700,4,4812,1
2,218,00112233445566778899aabbccddf259,15,1,14,20,1,1,00200000000000000000000000000000,07a58d5cc72d6978488024fd65c940fa,eca58d5cc72d69a2488087fd65f040fa,eb000000000000da0000a30000390000,4,8124,2
2,219,00112233445566778899aabbccddf25a,8,1,7,08,1,1,00000000000000000800000000000000,a9f9dee0c58ec198ce99cb4d8b400546,a9f96fe0c5a8c198b999cb4d8b4005ca,0000b10000260000770000000000008c,4,2481,0
2,220,00112233445566778899aabbccddf25b,3,1,3,24,2,1,00000000000000000000000024000000,fc993718d4929bb872eebb3c8064a059,fc9937c8d492d6b872a2bb3ce664a059,000000d000004d00004c000066000000,4,1248,3
2,221,00112233445566778899aabbccddf25c,11,1,11,80,1,1,00000000800000000000000000000000,497f7ad731981c71cae25bff6ec386cf,49837ad7e4981c71cae25b6d6ec388cf,00fc0000d50000000000009200000e00,4,4812,1
2,222,00112233445566778899aabbccddf25d,13,1,13,60,2,1,00006000000000000000000000000000,a848054faa0b40d7e7f9dab7c16d435e,e248054faa0b40dde7f972b7c196435e,4a0000000000000a0000a80000fb0000,4,8124,2
2,223,00112233445566778899aabbccddf25e,3,1,3,03,2,1,00000000000000000000000003000000,da5a58ba90ea4053f84f80cb902edb73,da5a584390ea2d53f85980cb892edb73,000000f900006d000016000019000000,4,1248,3
2,224,00112233445566778899aabbccddf25f,3,1,3,11,2,1,00000000000000000000000011000000,f342b503a90ad466c1ee4280f2d7f8c3,f342b58fa90aa566c1364280ffd7f8c3,0000008c0000710000d800000d000000,4,1248,3
2,225,00112233445566778899aabbccddf260,12,1,11,28,2,1,00000000280000000000000000000000,3415fa37201583ad6306a3801c1867c3,34e9fa37231583ad6306a3591c18d4c3,00fc000003000000000000d90000b300,4,4812,1
2,226,00112233445566778899aabbccddf261,11,1,12,08,1,1,00000008000000000000000000000000,621735525eeeeafeb55e208e8374c0eb,d51735525eeeea40b55eb28e8310c0eb,b7000000000000be0000920000640000,4,8124,2
2,227,00112233445566778899aabbccddf262,7,1,7,48,2,1,00000000000000004800000000000000,60078671fafb459fe2f198cc96eb5190,6007df71fa6b459f8ff198cc96eb5116,00005900009000006d00000000000086,4,2481,0
2,228,00112233445566778899aabbccddf263,8,1,7,80,1,1,00000000000000008000000000000000,861a8ef675671fd7bc4f22c730206de2,861aeaf675ae1fd7714f22c730206d02,0000640000c90000cd000000000000e0,4,2481,0
2,229,00112233445566778899aabbccddf264,9,1,7,40,1,1,00000000000000004000000000000000,7ede2ab8fa4278363c4e744469eee613,7edee7b8fa697836da4e744469eee66f,0000cd00002b0000e60000000000007c,4,2481,0
2,230,00112233445566778899aabbccddf265,10,1,10,80,1,1,00000000008000000000000000000000,1393f96ff5d451e82d7b64b96f418167,13b5f96f8bd451e82d7b64596f411467,002600007e000000000000e000009500,4,4812,1
2,231,00112233445566778899aabbccddf266,11,1,10,60,2,1,00000000006000000000000000000000,0bed3bbe56d920c9f0f903c940c2eb93,0bc73bbe42d920c9f0f9033140c27c93,002a000014000000000000f800009700,4,4812,1
2,232,00112233445566778899aabbccddf267,5,1,7,40,1,1,00000000000000004000000000000000,dff4f1e6d40d8fe4fdaa3dd1b876da32,dff4efe6d4398fe4faaa3dd1b876da6a,00001e00003400000700000000000058,4,2481,0
2,233,00112233445566778899aabbccddf268,6,1,6,c0,2,1,000000000000000000c0000000000000,904978bffc21e78890aa6e81102f9b79,904928bffcf2e78814aa6e81102f9bb3,0000500000d3000084000000000000ca,4,2481,0
2,234,00112233445566778899aabbccddf269,2,1,1,04,1,1,00000000000000000000000000000400,95d9534cea98f1a4e495058fff4ab330,95d95304ea98a7a4e4a0058f564ab330,000000480000560000350000a9000000,4,1248,3
2,235,00112233445566778899aabbccddf26a,13,1,14,88,2,1,00880000000000000000000000000000,6a23759a7f2722cf4bc99229de98d02d,ca23759a7f2722434bc95729de26d02d,a00000000000008c0000c50000be0000,4,8124,2
2,236,00112233445566778899aabbccddf26b,15,1,15,08,1,1,08000000000000000000000000000000,816bc69f14808d8e04ee3d3069271ca8,006bc69f14808d3e04eefb30697a1ca8,81000000000000b00000c600005d0000,4,8124,2
2,237,00112233445566778899aabbccddf26c,13,1,11,08,1,1,00000000080000000000000000000000,e2b784134bb85f1036ee12f55edce5cc,e2a28413b5b85f1036ee12145edc1dcc,00150000fe000000000000e10000f800,4,4812,1
2,238,00112233445566778899aabbccddf26d,9,1,9,40,1,1,00000000000040000000000000000000,37f92c1c4940fc9853bc164bd2709031,37c82c1c1340fc9853bc16b4d270d231,003100005a000000000000ff00004200,4,4812,1
2,239,00112233445566778899aabbccddf26e,4,1,6,04,1,1,00000000000000000004000000000000,157f8c9ff1a5e29a4043f2a62d02f185,157f1b9ff1f2e29ab543f2a62d02f1a3,0000970000570000f500000000000026,4,2481,0
2,240,00112233445566778899aabbccddf26f,3,1,1,80,1,1,00000000000000000000000000008000,54c470597df4d1f4c3cb09c053e382fc,54c470ca7df417f4c3c209c01ae382fc,000000930000c6000009000049000000,4,1248,3
2,241,00112233445566778899aabbccddf270,11,1,9,40,1,1,00000000000040000000000000000000,9474fd31bf51114d41993e3bca08b82c,9447fd314d51114d41993e7aca08562c,00330000f2000000000000410000ee00,4,4812,1
2,242,00112233445566778899aabbccddf271,2,1,0,10,1,1,00000000000000000000000000000010,7c5125641ffa300caa396e4a6eef677d,7c51256d1ffae50caaea6e4a91ef677d,000000090000d50000d30000ff000000,4,1248,3
2,243,00112233445566778899aabbccddf272,2,1,3,20,1,1,00000000000000000000000020000000,0ec6c98580f01434c6b0978ddc73cf26,0ec6c91080f08e34c6d2978d1b73cf26,0000009500009a0000620000c7000000,4,1248,3
2,244,00112233445566778899aabbccddf273,8,1,8,10,1,1,00000000000000100000000000000000,0f40464d0d20f9792bb31b0e1db21f2a,0f41464d8f20f9792bb31b5c1db23b2a,00010000820000000000005200002400,4,4812,1
2,245,00112233445566778899aabbccddf274,11,1,10,80,1,1,00000000008000000000000000000000,90881febca1ed8db2789d430ec464ba8,90d11febe61ed8db2789d427ec469ca8,005900002c000000000000170000d700,4,4812,1
2,246,00112233445566778899aabbccddf275,6,1,4,40,1,1,00000000000000000000004000000000,74d0f122ee057372bd34337fd413e7ed,74d02b22eefe73727534337fd413e78f,0000da0000fb0000c800000000000062,4,2481,0
2,247,00112233445566778899aabbccddf276,11,1,11,06,2,1,00000000060000000000000000000000,518123581332d35648aa8158c6ca33d9,51762358f132d35648aa8116c6ca2ad9,00f70000e20000000000004e00001900,4,4812,1
2,248,00112233445566778899aabbccddf277,6,1,8,10,1,1,00000000000000100000000000000000,61656070dceb671ff90638d6c3e37743,61ff6070bceb671ff9063815c3e3cf43,009a000060000000000000c30000b800,4,4812,1
2,249,00112233445566778899aabbccddf278,8,1,6,80,1,1,00000000000000000080000000000000,8b3327d12117c452be9972e128161469,8b3365d121aec452219972e128161438,0000420000b900009f00000000000051,4,2481,0
2,250,00112233445566778899aabbccddf279,13,1,12,01,1,1,00000001000000000000000000000000,050732a6e8664314f76796b5b9728551,5d0732a6e866437cf76714b5b9fb8551,58000000000000680000820000890000,4,8124,2
2,251,00112233445566778899aabbccddf27a,15,1,14,28,2,1,00280000000000000000000000000000,3c38d77d6f1d34b7b6064f3b267fcd67,df38d77d6f1d3410b606253b2641cd67,e3000000000000a700006a00003e0000,4,8124,2
2,252,00112233445566778899aabbccddf27b,3,1,3,14,2,1,00000000000000000000000014000000,1ae655811f9c68d03b24fab940818e4e,1ae655f91f9c86d03b6cfab90d818e4e,000000780000ee00004800004d000000,4,1248,3
2,253,00112233445566778899aabbccddf27c,4,1,2,20,1,1,00000000000000000000000000200000,761bcc54b91046c99d75e54a08287f1b,761bcc35b91092c99da3e54a36287f1b,000000610000d40000d600003e000000,4,1248,3
2,254,00112233445566778899aabbccddf27d,10,1,9,11,2,1,00000000000011000000000000000000,f8e2bd3ff28d1e269fd0dfae944ce0c2,f8cdbd3fa38d1e269fd0dfed944c3ec2,002f000051000000000000430000de00,4,4812,1
2,255,00112233445566778899aabbccddf27e,10,1,9,01,1,1,00000000000001000000000000000000,d77746ba9ab4f1a670e21a41b46f1afd,d76f46ba18b4f1a670e21ac5b46f58fd,00180000820000000000008400004200,4,4812,1
2,256,00112233445566778899aabbccddf27f,12,1,12,08,1,1,00000008000000000000000000000000,734125467d29edd5e8cfe5d0be4ddd07,664125467d29ed20e8cf01d0be7cdd07,15000000000000f50000e40000310000,4,8124,2
2,257,00112233445566778899aabbccddf280,8,1,8,14,2,1,00000000000000140000000000000000,00dd6c5735a4ed17eb327cc3e332023f,007b6c574aa4ed17eb327c86e332e53f,00a600007f000000000000450000e700,4,4812,1
2,258,00112233445566778899aabbccddf281,9,1,7,20,1,1,00000000000000002000000000000000,663079f5d252a0df3c0ac212fb01e1b3,66305bf5d284a0df460ac212fb01e122,0000220000d600007a00000000000091,4,2481,0
2,259,00112233445566778899aabbccddf282,0,1,2,40,1,1,00000000000000000000000000400000,15652c6f4e8327e8dc843bfbab162ef2,15652c0b4e83c0e8dccc3bfbc4162ef2,000000640000e700004800006f000000,4,1248,3
2,260,00112233445566778899aabbccddf283,12,1,11,14,2,1,00000000140000000000000000000000,1a67195a950afa00f20ad4aaae81e44b,1a00195aba0afa00f20ad440ae818a4b,006700002f000000000000ea00006e00,4,4812,1
2,261,00112233445566778899aabbccddf284,3,1,2,12,2,1,00000000000000000000000000120000,fa92bdbab10c3620ab5bc6869dcbf0ca,fa92bd59b10c4520abfdc68691cbf0ca,000000e30000730000a600000c000000,4,1248,3
2,262,00112233445566778899aabbccddf285,10,1,9,28,2,1,00000000000028000000000000000000,2838df23c3c9a234917cb6cb8e0cabcf,2894df23f4c9a234917cb69c8e0c39cf,00ac0000370000000000005700009200,4,4812,1
2,263,00112233445566778899aabbccddf286,8,1,9,60,2,1,00000000000060000000000000000000,573abd6273c485707cc6f17b14f44dd2,57efbd6229c485707cc6f13914f40bd2,00d500005a0000000000004200004600,4,4812,1
2,264,00112233445566778899aabbccddf287,11,1,9,20,1,1,00000000000020000000000000000000,1a1b8f5001e6bf596749d0ba063ff51e,1a008f5048e6bf596749d07a063fa91e,001b000049000000000000c000005c00,4,4812,1
2,265,00112233445566778899aabbccddf288,3,1,5,02,1,1,00000000000000000000020000000000,19eb7a532cf45649bd7696a7c0cdc2d3,19eb97532c805649e77696a7c0cdc281,0000ed00007400005a00000000000052,4,2481,0
2,266,00112233445566778899aabbccddf289,8,1,9,14,2,1,00000000000014000000000000000000,6a1d8c995919fb7952d11213b98e34db,6a048c99da19fb7952d112f5b98e54db,0019000083000000000000e600006000,4,4812,1
2,267,00112233445566778899aabbccddf28a,7,1,6,10,1,1,00000000000000000010000000000000,7fda01df849b97391550b05c5a38fb4b,7fda58df842e97399f50b05c5a38fbbc,0000590000b500008a000000000000f7,4,2481,0
2,268,00112233445566778899aabbccddf28b,6,1,5,24,2,1,00000000000000000000240000000000,4073b19314b6afc64db2fbe126862d57,4073279314cdafc6f8b2fbe126862dd0,00009600007b0000b500000000000087,4,2481,0
2,269,00112233445566778899aabbccddf28c,2,1,1,06,2,1,00000000000000000000000000000600,44363fc6d43c7f4a5ef0fd1bc0e68722,44363fb2d43cf34a5ec3fd1bb7e68722,0000007400008c000033000077000000,4,1248,3
2,270,00112233445566778899aabbccddf28d,0,1,0,04,1,1,00000000000000000000000000000004,9ad1fba7666e67d9f283ede9deeea565,9ad1fba5666e08d9f22fede9bbeea565,0000000200006f0000ac000065000000,4,1248,3
2,271,00112233445566778899aabbccddf28e,2,1,2,06,2,1,00000000000000000000000000060000,f55b2c0e51d0b7ae119f0dee1b4bc51f,f55b2c8651d065ae118c0dee7f4bc51f,000000880000d2000013000064000000,4,1248,3
2,272,00112233445566778899aabbccddf28f,5,1,3,20,1,1,00000000000000000000000020000000,d7c6ef816854dc48c6e0c6b747df863b,d7c6efd968541e48c6b5c6b7c9df863b,000000580000c200005500008e000000,4,1248,3
2,273,00112233445566778899aabbccddf290,8,1,10,08,1,1,00000000000800000000000000000000,7fc4e1d24ae17d217da10a6cf93d42a6,7f45e1d202e17d217da10a91f93da2a6,0081000048000000000000fd0000e000,4,4812,1
2,274,00112233445566778899aabbccddf291,9,1,8,c0,2,1,00000000000000c00000000000000000,11ec77de3743c5d3ddcbde75a8527d16,11e977de8243c5d3ddcbde79a852f916,00050000b50000000000000c00008400,4,4812,1
2,275,00112233445566778899aabbccddf292,12,1,10,20,1,1,00000000002000000000000000000000,e7027e1bba4747e3c355f7485adaa9a8,e71c7e1b164747e3c355f76a5ada0da8,001e0000ac000000000000220000a400,4,4812,1
2,276,00112233445566778899aabbccddf293,11,1,10,50,2,1,00000000005000000000000000000000,04840ab758313ed833438dfe6f642ce3,04110ab783313ed833438d5a6f64fee3,00950000db000000000000a40000d200,4,4812,1
2,277,00112233445566778899aabbccddf294,9,1,10,04,1,1,00000000000400000000000000000000,445c7e6e8ff56dda06262d7b093ccedc,44927e6eebf56dda06262d4c093c9ddc,00ce0000640000000000003700005300,4,4812,1
2,278,00112233445566778899aabbccddf295,14,1,13,04,1,1,00000400000000000000000000000000,bb38c2a6c1721fd7f56adfcd8984ef4f,ac38c2a6c1721f67f56a3ecd8906ef4f,17000000000000b00000e10000820000,4,8124,2
2,279,00112233445566778899aabbccddf296,0,1,0,08,1,1,00000000000000000000000000000008,0f5a25165f91936fa49e782eac52d405,0f5a257e5f91ca6fa4a6782e0552d405,000000680000590000380000a9000000,4,1248,3
2,280,00112233445566778899aabbccddf297,2,1,2,60,2,1,00000000000000000000000000600000,7527a2f6155df062cdd9faf7b1e82341,7527a2fc155d2662cda9faf7f0e82341,0000000a0000d6000070000041000000,4,1248,3
2,281,00112233445566778899aabbccddf298,7,1,7,48,2,1,00000000000000004800000000000000,30c19ae3159b8651c37a15d9d6c0c479,30c1abe3151b8651137a15d9d6c0c43c,0000310000800000d000000000000045,4,2481,0
2,282,00112233445566778899aabbccddf299,12,1,14,10,1,1,00100000000000000000000000000000,7bd02e1c76be4106fc33c09ab6c3a40b,62d02e1c76be4172fc33969ab6e6a40b,19000000000000740000560000250000,4,8124,2
2,283,00112233445566778899aabbccddf29a,13,1,15,40,1,1,40000000000000000000000000000000,dfc1e8d2daf44beef4b123fc4df4c9b6,f1c1e8d2daf44bfdf4b1a7fc4dc5c9b6,2e000000000000130000840000310000,4,8124,2
2,284,00112233445566778899aabbccddf29b,1,1,1,48,2,1,00000000000000000000000000004800,58e994292a06e9bf74101c53d79a29fc,58e9949d2a068cbf74af1c53d69a29fc,000000b40000650000bf000001000000,4,1248,3
2,285,00112233445566778899aabbccddf29c,10,1,11,02,1,1,00000000020000000000000000000000,a3eb77b6d769d5c4d9ffe5eebcdbb349,a3c677b69c69d5c4d9ffe5f7bcdb4e49,002d00004b000000000000190000fd00,4,4812,1
2,286,00112233445566778899aabbccddf29d,13,1,12,06,2,1,00000006000000000000000000000000,df08f1128376a03be54580f98161b907,8408f1128376a0aae54521f98133b907,5b000000000000910000a10000520000,4,8124,2
2,287,00112233445566778899aabbccddf29e,3,1,1,40,1,1,00000000000000000000000000004000,2b19d784c2249172b9c4d3547120f3c4,2b19d7dfc2247f72b935d3541520f3c4,0000005b0000ee0000f1000064000000,4,1248,3
2,288,00112233445566778899aabbccddf29f,2,1,1,80,1,1,00000000000000000000000000008000,9232e38ee2bbd1866b40dff6a5997f3d,9232e3a2e2bb17866bb3dff6c1997f3d,0000002c0000c60000f3000064000000,4,1248,3
2,289,00112233445566778899aabbccddf2a0,10,1,9,04,1,1,00000000000004000000000000000000,40e6ef6439ae8e08100dd766585a93fa,4024ef64b4ae8e08100dd73c585a3ffa,00c200008d0000000000005a0000ac00,4,4812,1
2,290,00112233445566778899aabbccddf2a1,0,1,0,08,1,1,00000000000000000000000000000008,748f3ac6e903e74276eab5211f5c5bde,748f3a54e903c2427645b521be5c5bde,000000920000250000af0000a1000000,4,1248,3
2,291,00112233445566778899aabbccddf2a2,3,1,1,10,1,1,00000000000000000000000000001000,4454b5065b124742fc376eae715970df,4454b54c5b121842fc4c6eae4b5970df,0000004a00005f00007b00003a000000,4,1248,3
2,292,00112233445566778899aabbccddf2a3,4,1,3,0a,2,1,0000000000000000000000000a000000,384be2110c720463017f797e48e9303d,384be20e0c7286630183797e1be9303d,0000001f0000820000fc000053000000,4,1248,3
2,293,00112233445566778899aabbccddf2a4,13,1,15,01,1,1,01000000000000000000000000000000,312e14f41e26bc42086caa79802d084f,482e14f41e26bc37086c107980ca084f,79000000000000750000ba0000e70000,4,8124,2
2,294,00112233445566778899aabbccddf2a5,6,1,7,48,2,1,00000000000000004800000000000000,213a3ffdba1d0b6f8549ea600ca3765e,213a8afdbaeb0b6f7d49ea600ca376b4,0000b50000f60000f8000000000000ea,4,2481,0
2,295,00112233445566778899aabbccddf2a6,6,1,4,80,1,1,00000000000000000000008000000000,b827e8c186fcfe90c164d25b4647761c,b82745c186b8fe90a964d25b4647761f,0000ad00004400006800000000000003,4,2481,0
2,296,00112233445566778899aabbccddf2a7,7,1,6,20,1,1,00000000000000000020000000000000,69009ea463729458ea482faf874c7e38,69001ca463a494585a482faf874c7eb0,0000820000d60000b000000000000088,4,2481,0
2,297,00112233445566778899aabbccddf2a8,6,1,4,02,1,1,00000000000000000000000200000000,76190d22086d9ac36c554b55502ced64,76199c2208f49ac3af554b55502ced37,0000910000990000c300000000000053,4,2481,0
2,298,00112233445566778899aabbccddf2a9,9,1,9,01,1,1,00000000000001000000000000000000,0af9f46387d2a5b5c35401021a345727,0a47f46360d2a5b5c354014a1a34f027,00be0000e7000000000000480000a700,4,4812,1
2,299,00112233445566778899aabbccddf2aa,12,1,10,10,1,1,00000000001000000000000000000000,3f0b8eddf7e074ba38759d854ea12963,3ffd8edd31e074ba38759d554ea1b963,00f60000c6000000000000d000009000,4,4812,1
2,300,00112233445566778899aabbccddf2ab,3,1,4,24,2,1,00000000000000000000002400000000,f363293f5daeed062abd01b5a6715561,f363073f5d5fed061ebd01b5a6715510,00002e0000f100003400000000000071,4,2481,0
2,301,00112233445566778899aabbccddf2ac,15,1,13,08,1,1,00000800000000000000000000000000,07a08c59e152aded37590b9e822ac8f6,bba08c59e152add63759389e8206c8f6,bc0000000000003b00003300002c0000,4,8124,2
2,302,00112233445566778899aabbccddf2ad,2,1,0,20,1,1,00000000000000000000000000000020,af991617402e2cffc6f87d94e575d1db,af991625402e92ffc6bd7d94e775d1db,000000320000be000045000002000000,4,1248,3
2,303,00112233445566778899aabbccddf2ae,11,1,10,06,2,1,00000000000600000000000000000000,70fc90a489d962c7c0be2953a4388b67,700890a475d962c7c0be29e0a438c267,00f40000fc000000000000b300004900,4,4812,1
2,304,00112233445566778899aabbccddf2af,5,1,3,04,1,1,00000000000000000000000004000000,48ccd7e60ec265245241b7d2bf399f62,48ccd75c0ec21d245226b7d2e4399f62,000000ba00007800006700005b000000,4,1248,3
2,305,00112233445566778899aabbccddf2b0,12,1,10,10,1,1,00000000001000000000000000000000,00b892495d00e75e6ba6bfc92e1effea,006a9249c700e75e6ba6bf1c2e1e93ea,00d200009a000000000000d500006c00,4,4812,1
2,306,00112233445566778899aabbccddf2b1,7,1,6,04,1,1,00000000000000000004000000000000,f7472484bbef9dc2c6980e285699a30d,f7474484bb929dc226980e285699a3c1,00006000007d0000e0000000000000cc,4,2481,0
2,307,00112233445566778899aabbccddf2b2,9,1,10,01,1,1,00000000000100000000000000000000,0256e0cf8b5ed09a18b53d263aec0d0f,02abe0cf2f5ed09a18b53d8e3aec3c0f,00fd0000a4000000000000a800003100,4,4812,1
2,308,00112233445566778899aabbccddf2b3,11,1,11,88,2,1,00000000880000000000000000000000,b0e7151fc2c0d15beb4b1ba701f9e050,b056151fe3c0d15beb4b1b5f01f92750,00b1000021000000000000f80000c700,4,4812,1
2,309,00112233445566778899aabbccddf2b4,9,1,8,10,1,1,00000000000000100000000000000000,82c4b2abd1af5c18e80c58891a85c395,8245b2abffaf5c18e80c58a91a85a495,008100002e0000000000002000006700,4,4812,1
2,310,00112233445566778899aabbccddf2b5,4,1,4,08,1,1,00000000000000000000000800000000,ddd6a5c39382670d7ec4c1eee3b3a028,ddd6f1c39309670dd2c4c1eee3b3a0e4,00005400008b0000ac000000000000cc,4,2481,0
2,311,00112233445566778899aabbccddf2b6,1,1,1,48,2,1,00000000000000000000000000004800,5ae055dc37255c43e99273393a34e1d5,5ae055bb37255043e9857339da34e1d5,0000006700000c0000170000e0000000,4,1248,3
2,312,00112233445566778899aabbccddf2b7,5,1,3,02,1,1,00000000000000000000000002000000,d089da1039b6ecad32eb332795a15b3b,d089da7639b6efad32903327b3a15b3b,0000006600000300007b000026000000,4,1248,3
2,313,00112233445566778899aabbccddf2b8,11,1,11,06,2,1,00000000060000000000000000000000,9ae6f1fd2339433a2d8323016ec74bbd,9a63f1fd6039433a2d8323656ec7c6bd,00850000430000000000006400008d00,4,4812,1
2,314,00112233445566778899aabbccddf2b9,10,1,11,01,1,1,00000000010000000000000000000000,aa6786f1a697aa07d46fff683f7f3884,aa0d86f13b97aa07d46fffd33f7fa984,006a00009d000000000000bb00009100,4,4812,1
2,315,00112233445566778899aabbccddf2ba,1,1,2,01,1,1,00000000000000000000000000010000,fa8c204f130bb78b5c63b743bc0b0f66,fa8c2060130bb88b5c39b743560b0f66,0000002f00000f00005a0000ea000000,4,1248,3
2,316,00112233445566778899aabbccddf2bb,4,1,5,40,1,1,00000000000000000000400000000000,3293a34d5375aef830ca093033e37220,32934d4d53daaef863ca093033e37278,0000ee0000af00005300000000000058,4,2481,0
2,317,00112233445566778899aabbccddf2bc,14,1,13,40,1,1,00004000000000000000000000000000,a3fdaa083421e66f79f1bc0a8544fb80,5afdaa083421e65c79f11c0a8537fb80,f9000000000000330000a00000730000,4,8124,2
2,318,00112233445566778899aabbccddf2bd,2,1,2,06,2,1,00000000000000000000000000060000,d4e7897bdfb548a523c69fd65ff840a4,d4e789d1dfb5f0a523729fd64ef840a4,000000aa0000b80000b4000011000000,4,1248,3
2,319,00112233445566778899aabbccddf2be,10,1,8,04,1,1,00000000000000040000000000000000,26d9c0ddabd7532d06f09682965beacd,264bc0ddb0d7532d06f096e8965b95cd,009200001b0000000000006a00007f00,4,4812,1
3,0,00112233445566778899aabbccddf2bf,9,1,9,03,2,1,00000000000003000000000000000000,fd0156d4eac607e96266f83c9a8791c0,fdf156d40ec607e96266f89e9a8783c0,00f00000e4000000000000a200001200,4,4812,1
3,1,00112233445566778899aabbccddf2c0,12,1,12,12,2,1,00000012000000000000000000000000,87d4e4d6e7db23c0a8f82dce154a12bc,38d4e4d6e7db2344a8f8efce153b12bc,bf000000000000840000c20000710000,4,8124,2
3,2,00112233445566778899aabbccddf2c1,11,0,11,00,0,0,00000000000000000000000000000000,fec95c03454c0cab9b961b8e56d1c513,fec95c03454c0cab9b961b8e56d1c513,00000000000000000000000000000000,0,0000,0
3,3,00112233445566778899aabbccddf2c2,13,1,13,24,2,1,00002400000000000000000000000000,8428d27ba2641a0ed933f36e04912133,e528d27ba2641a02d9339a6e04262133,610000000000000c0000690000b70000,4,8124,2
3,4,00112233445566778899aabbccddf2c3,10,1,10,60,2,1,00000000006000000000000000000000,dc4d816a94bb63608d8b99e4b5b910dd,dc17816a11bb63608d8b995bb5b945dd,005a000085000000000000bf00005500,4,4812,1
3,5,00112233445566778899aabbccddf2c4,13,1,13,80,1,1,00008000000000000000000000000000,dc8cb2023082482fe5ed6191a765190c,ac8cb202308248e7e5edce91a7d1190c,70000000000000c80000af0000b40000,4,8124,2
3,6,00112233445566778899aabbccddf2c5,7,1,9,24,2,1,00000000000024000000000000000000,3552bf624cb01afe9950e0d7a64c08b2,35abbf62d3b01afe9950e017a64cb0b2,00f900009f000000000000c00000b800,4,4812,1
3,7,00112233445566778899aabbccddf2c6,3,1,3,48,2,1,00000000000000000000000048000000,0a48296be58402eb42a84435e832c834,0a482941e584b8eb428244356132c834,0000002a0000ba00002a000089000000,4,1248,3
3,8,00112233445566778899aabbccddf2c7,9,1,9,04,1,1,00000000000004000000000000000000,e1a45f902bbd9d8e20b428169b26e678,e1985f90bcbd9d8e20b4288e9b266178,003c0000970000000000009800008700,4,4812,1
3,9,00112233445566778899aabbccddf2c8,2,1,2,50,2,1,00000000000000000000000000500000,463b21582b543b94a8868c25357e4d39,463b21082b547394a81e8c257e7e4d39,0000005000004800009800004b000000,4,1248,3
3,10,00112233445566778899aabbccddf2c9,0,1,0,01,1,1,00000000000000000000000000000001,c68564b9f1cf62f7b50247e7a801bb7e,c6856450f1cf7cf7b54147e72d01bb7e,000000e900001e000043000085000000,4,1248,3
3,11,00112233445566778899aabbccddf2ca,3,1,3,80,1,1,00000000000000000000000080000000,6aa7bc8628db8fbe82a831392586cf5a,6aa7bcc228dbbdbe82543139a486cf5a,000000440000320000fc000081000000,4,1248,3
3,12,00112233445566778899aabbccddf2cb,15,0,15,00,0,0,00000000000000000000000000000000,dcb5bf168f7eadcb7b6b88a28e4255a6,dcb5bf168f7eadcb7b6b88a28e4255a6,00000000000000000000000000000000,0,0000,0
3,13,00112233445566778899aabbccddf2cc,8,1,8,01,1,1,00000000000000010000000000000000,e586067652d8c39d32462119c35fb0db,e5890676d7d8c39d32462125c35f2ddb,000f0000850000000000003c00009d00,4,4812,1
3,14,00112233445566778899aabbccddf2cd,6,1,6,04,1,1,00000000000000000004000000000000,35ff517199cc781d7c95099c5734d51b,35ff86719930781d5795099c5734d57b,0000d70000fc00002b00000000000060,4,2481,0
3,15,00112233445566778899aabbccddf2ce,8,1,8,12,2,1,00000000000000120000000000000000,0d26fab4a242808b3320564eeae2cdee,0d79fab43942808b33205689eae2e5ee,005f00009b000000000000c700002800,4,4812,1
3,16,00112233445566778899aabbccddf2cf,10,1,10,12,2,1,00000000001200000000000000000000,f1b42e0dfadfefd949a7a9d366c3e57c,f1ef2e0d9adfefd949a7a97966c3957c,005b000060000000000000aa00007000,4,4812,1
3,17,00112233445566778899aabbccddf2d0,6,0,6,00,0,0,00000000000000000000000000000000,00e67693ae6b99bdbf03cb15c6b91a0b,00e67693ae6b99bdbf03cb15c6b91a0b,00000000000000000000000000000000,0,0000,0
3,18,00112233445566778899aabbccddf2d1,11,1,11,24,2,1,00000000240000000000000000000000,fc4daf6d3e490f0ab33be9803ecd2b39,fcd3af6d56490f0ab33be9a43ecdd839,009e000068000000000000240000f300,4,4812,1
3,19,00112233445566778899aabbccddf2d2,10,0,10,00,0,0,00000000000000000000000000000000,5fb983c5e62d7517e46ef02df38f2381,5fb983c5e62d7517e46ef02df38f2381,00000000000000000000000000000000,0,0000,0
3,20,00112233445566778899aabbccddf2d3,14,0,14,00,0,0,00000000000000000000000000000000,c030a9b93d5b1b77d39c3b89fcf52fc4,c030a9b93d5b1b77d39c3b89fcf52fc4,00000000000000000000000000000000,0,0000,0
3,21,00112233445566778899aabbccddf2d4,1,1,1,03,2,1,00000000000000000000000000000300,d008420fe736026ff6c55905bf186751,d00842d6e736c76ff6bd5905ac186751,000000d90000c5000078000013000000,4,1248,3
3,22,00112233445566778899aabbccddf2d5,2,1,2,28,2,1,00000000000000000000000000280000,bee7808648db2390889bfca8905173b1,bee7804148db789088dcfca88f5173b1,000000c700005b00004700001f000000,4,1248,3
3,23,00112233445566778899aabbccddf2d6,9,1,7,40,1,1,00000000000000004000000000000000,19125bee87f0157a4f80744c6b4cd3cf,191247ee873d157a5380744c6b4cd390,00001c0000cd00001c0000000000005f,4,2481,0
3,24,00112233445566778899aabbccddf2d7,8,0,8,00,0,0,00000000000000000000000000000000,45767d9749864aa4de58f78fad6c97aa,45767d9749864aa4de58f78fad6c97aa,00000000000000000000000000000000,0,0000,0
3,25,00112233445566778899aabbccddf2d8,14,1,14,50,2,1,00500000000000000000000000000000,91f897226e9762088827dab6cfd92a02,e0f897226e9762f18827aeb6cfb32a02,71000000000000f900007400006a0000,4,8124,2
3,26,00112233445566778899aabbccddf2d9,3,0,3,00,0,0,00000000000000000000000000000000,ab38db22f8e68efca0ec05e3057d24ee,ab38db22f8e68efca0ec05e3057d24ee,00000000000000000000000000000000,0,0000,0
3,27,00112233445566778899aabbccddf2da,6,1,6,c0,2,1,000000000000000000c0000000000000,689bdbbc1b136ba0da18149c05502ff6,689bd9bc1b1a6ba02818149c05502f37,0000020000090000f2000000000000c1,4,2481,0
3,28,00112233445566778899aabbccddf2db,15,0,15,00,0,0,00000000000000000000000000000000,884abdedc7d3a01db8fad94cd65569cc,884abdedc7d3a01db8fad94cd65569cc,00000000000000000000000000000000,0,0000,0
3,29,00112233445566778899aabbccddf2dc,5,1,5,03,2,1,00000000000000000000030000000000,b4fb00fb29d3c68b8ce7052286bf9837,b4fb51fb29f7c68b06e7052286bf98df,00005100002400008a000000000000e8,4,2481,0
3,30,00112233445566778899aabbccddf2dd,15,0,15,00,0,0,00000000000000000000000000000000,bfd109ef2385f69ddd86bb4b01098118,bfd109ef2385f69ddd86bb4b01098118,00000000000000000000000000000000,0,0000,0
3,31,00112233445566778899aabbccddf2de,7,1,7,03,2,1,00000000000000000300000000000000,ace4017c49b4d148366d639eea15457c,ace4617c4980d148ca6d639eea154574,0000600000340000fc00000000000008,4,2481,0
3,32,00112233445566778899aabbccddf2df,3,1,1,24,2,1,00000000000000000000000000002400,fdb5cf90c6bf226cf32720b35e15e8e4,fdb5cfa8c6bf746cf35520b37815e8e4,00000038000056000072000026000000,4,1248,3
3,33,00112233445566778899aabbccddf2e0,2,0,2,00,0,0,00000000000000000000000000000000,bfe462af28afee14a0a1e3c24c673827,bfe462af28afee14a0a1e3c24c673827,00000000000000000000000000000000,0,0000,0
3,34,00112233445566778899aabbccddf2e1,14,1,14,60,2,1,00600000000000000000000000000000,09cea2260b7574ce8e60cd715cc6ca54,becea2260b7574b18e6076715c7dca54,b70000000000007f0000bb0000bb0000,4,8124,2
3,35,00112233445566778899aabbccddf2e2,3,1,3,60,2,1,00000000000000000000000060000000,cc78ece7ec1a8c5a8ad206e841690dc4,cc78ec8bec1a2b5a8afc06e838690dc4,0000006c0000a700002e000079000000,4,1248,3
3,36,00112233445566778899aabbccddf2e3,8,1,8,08,1,1,00000000000000080000000000000000,ecbf30faefea502c73a7ee83db8b84eb,ec7b30fa38ea502c73a7ee4edb8b7feb,00c40000d7000000000000cd0000fb00,4,4812,1
3,37,00112233445566778899aabbccddf2e4,13,1,13,08,1,1,00000800000000000000000000000000,745db411becb6c790d8f8b212f490462,895db411becb6c490d8f21212f3e0462,fd000000000000300000aa0000770000,4,8124,2
3,38,00112233445566778899aabbccddf2e5,10,1,10,01,1,1,00000000000100000000000000000000,35d5ecc944f8f4aa8531a6c15457e80b,358aecc960f8f4aa8531a64b5457750b,005f0000240000000000008a00009d00,4,4812,1
3,39,00112233445566778899aabbccddf2e6,11,1,11,80,1,1,00000000800000000000000000000000,ef87c2bd8d0402eb02d07406b25529f4,ef2ec2bd970402eb02d0743db25520f4,00a900001a0000000000003b00000900,4,4812,1
3,40,00112233445566778899aabbccddf2e7,0,1,0,02,1,1,00000000000000000000000000000002,5ed490b1349fd8ac385b2a763321fc21,5ed490d6349fe9ac38262a76fb21fc21,0000006700003100007d0000c8000000,4,1248,3
3,41,00112233445566778899aabbccddf2e8,8,0,8,00,0,0,00000000000000000000000000000000,ec47b29be30a9ddadfbe478cc89edc76,ec47b29be30a9ddadfbe478cc89edc76,00000000000000000000000000000000,0,0000,0
3,42,00112233445566778899aabbccddf2e9,14,1,12,48,2,1,00000048000000000000000000000000,642a712ae72bff98dae8c7d8c812e188,c92a712ae72bff06dae800d8c820e188,ad0000000000009e0000c70000320000,4,8124,2
3,43,00112233445566778899aabbccddf2ea,8,0,8,00,0,0,00000000000000000000000000000000,ed2f2738e64b49312ec738b84505f39f,ed2f2738e64b49312ec738b84505f39f,00000000000000000000000000000000,0,0000,0
3,44,00112233445566778899aabbccddf2eb,6,1,6,24,2,1,00000000000000000024000000000000,b71614a97f173a156eb9c85be433317f,b7160ca97f133a1521b9c85be43331de,00001800000400004f000000000000a1,4,2481,0
3,45,00112233445566778899aabbccddf2ec,9,1,9,40,1,1,00000000000040000000000000000000,6fc1a74fe401961cbebe9e3dff81c8af,6f89a74f3d01961cbebe9e52ff813caf,00480000d90000000000006f0000f400,4,4812,1
3,46,00112233445566778899aabbccddf2ed,3,1,3,c0,2,1,000000000000000000000000c0000000,e60e41d6b28594c9626ce234d8106fd3,e60e4196b285b5c9625fe234ab106fd3,00000040000021000033000073000000,4,1248,3
3,47,00112233445566778899aabbccddf2ee,6,0,6,00,0,0,00000000000000000000000000000000,0bff939d65ed752e937ff824228d9708,0bff939d65ed752e937ff824228d9708,00000000000000000000000000000000,0,0000,0
3,48,00112233445566778899aabbccddf2ef,1,1,0,40,1,1,00000000000000000000000000000040,e7422601733ec6a25cf447c197926076,e7422632733e78a25ceb47c154926076,000000330000be00001f0000c3000000,4,1248,3
3,49,00112233445566778899aabbccddf2f0,2,1,3,02,1,1,00000000000000000000000002000000,07441a67c7312826ee716f400eb1a2b0,07441a63c7318426eeb26f40bdb1a2b0,000000040000ac0000c30000b3000000,4,1248,3
3,50,00112233445566778899aabbccddf2f1,14,0,14,00,0,0,00000000000000000000000000000000,404824aea066bcdeb0db78746a90dcc8,404824aea066bcdeb0db78746a90dcc8,00000000000000000000000000000000,0,0000,0
3,51,00112233445566778899aabbccddf2f2,7,0,7,00,0,0,00000000000000000000000000000000,89e0196e498041df7a17db12a7690df1,89e0196e498041df7a17db12a7690df1,00000000000000000000000000000000,0,0000,0
3,52,00112233445566778899aabbccddf2f3,11,1,11,06,2,1,00000000060000000000000000000000,d14da3ad859c0191a09b6acb2b6eb34f,d169a3ad189c0191a09b6a562b6e854f,002400009d0000000000009d00003600,4,4812,1
3,53,00112233445566778899aabbccddf2f4,1,1,0,04,1,1,00000000000000000000000000000004,020176991e1b298b22614cbf27920954,0201765f1e1b788b22d14cbf74920954,000000c60000510000b0000053000000,4,1248,3
3,54,00112233445566778899aabbccddf2f5,13,1,13,0a,2,1,00000a00000000000000000000000000,217012a0059b6ae42a111df2be71c2c2,2d7012a0059b6adf2a1164f2beafc2c2,0c0000000000003b0000790000de0000,4,8124,2
3,55,00112233445566778899aabbccddf2f6,12,1,12,06,2,1,00000006000000000000000000000000,1aa2078a977886326889ad7063adaa5d,97a2078a977886006889037063e4aa5d,8d000000000000320000ae0000490000,4,8124,2
3,56,00112233445566778899aabbccddf2f7,3,1,3,88,2,1,00000000000000000000000088000000,4b9b0bf416b58a0de40787045c6a5c83,4b9b0b9e16b5f90de4848704516a5c83,0000006a00007300008300000d000000,4,1248,3
3,57,00112233445566778899aabbccddf2f8,11,1,11,14,2,1,00000000140000000000000000000000,3856511f2f0df4fa566f9e73e730d2eb,388c511f080df4fa566f9eede730c8eb,00da0000270000000000009e00001a00,4,4812,1
3,58,00112233445566778899aabbccddf2f9,4,1,6,02,1,1,00000000000000000002000000000000,0626f1bcbb35d173d77cbb042c81091f,062683bcbbfad173727cbb042c810993,0000720000cf0000a50000000000008c,4,2481,0
3,59,00112233445566778899aabbccddf2fa,14,1,14,14,2,1,00140000000000000000000000000000,189b5b41a0358185963e2aed15fd06f4,8d9b5b41a03581a3963e96ed150b06f4,95000000000000260000bc0000f60000,4,8124,2
3,60,00112233445566778899aabbccddf2fb,13,0,13,00,0,0,00000000000000000000000000000000,fc9af1ea3469c653516bef0785f8eac9,fc9af1ea3469c653516bef0785f8eac9,00000000000000000000000000000000,0,0000,0
3,61,00112233445566778899aabbccddf2fc,1,1,1,50,2,1,00000000000000000000000000005000,47431e657dae698d347e1408010b11ba,47431ed87dae718d340f1408e70b11ba,000000bd0000180000710000e6000000,4,1248,3
3,62,00112233445566778899aabbccddf2fd,11,1,11,01,1,1,00000000010000000000000000000000,20a90d1d1228c1b8cf545aeb6accec17,205f0d1d9728c1b8cf545a0f6acc3e17,00f6000085000000000000e40000d200,4,4812,1
3,63,00112233445566778899aabbccddf2fe,0,1,0,02,1,1,00000000000000000000000000000002,d3321894c80f62750ef8a6e046cb1f8a,d3321851c80fef750efca6e0efcb1f8a,000000c500008d0000040000a9000000,4,1248,3
3,64,00112233445566778899aabbccddf2ff,13,1,13,80,1,1,00008000000000000000000000000000,622eaee9ef1f7e74f643165c21c66195,7e2eaee9ef1f7ebbf643665c21546195,1c000000000000cf0000700000920000,4,8124,2
3,65,00112233445566778899aabbccddf300,15,1,15,c0,2,1,c0000000000000000000000000000000,bbe40890ab5072010cbbe92b33323cc8,dbe40890ab5072c20cbb8b2b33843cc8,60000000000000c30000620000b60000,4,8124,2
3,66,00112233445566778899aabbccddf301,15,0,15,00,0,0,00000000000000000000000000000000,5fcf6d0b50c24ba7479fb0365c931cb2,5fcf6d0b50c24ba7479fb0365c931cb2,00000000000000000000000000000000,0,0000,0
3,67,00112233445566778899aabbccddf302,10,0,10,00,0,0,00000000000000000000000000000000,7fdbc2cce0b2946eb158dafe3cf0fb10,7fdbc2cce0b2946eb158dafe3cf0fb10,00000000000000000000000000000000,0,0000,0
3,68,00112233445566778899aabbccddf303,0,1,0,02,1,1,00000000000000000000000000000002,c2325f25bc82c65ab6d57ccd696e346f,c2325f4fbc82965ab6697ccde36e346f,0000006a0000500000bc00008a000000,4,1248,3
3,69,00112233445566778899aabbccddf304,10,1,10,11,2,1,00000000001100000000000000000000,93bb0d0e6531956bfd7f79b3f2ff8c69,93060d0e2731956bfd7f7901f2fffd69,00bd000042000000000000b200007100,4,4812,1
3,70,00112233445566778899aabbccddf305,10,1,10,24,2,1,00000000002400000000000000000000,31f859273c05884fbc0fea08c518cc79,310b59276605884fbc0fea2ac518ee79,00f300005a0000000000002200002200,4,4812,1
3,71,00112233445566778899aabbccddf306,13,1,13,48,2,1,00004800000000000000000000000000,07aad416cd8795fe4d0301ff4c33b722,beaad416cd87955f4d03f7ff4ceeb722,b9000000000000a10000f60000dd0000,4,8124,2
3,72,00112233445566778899aabbccddf307,9,1,9,28,2,1,00000000000028000000000000000000,1fbd5f07de5b3add892f37c01a59096d,1f9e5f07b05b3add892f37401a593f6d,002300006e0000000000008000003600,4,4812,1
3,73,00112233445566778899aabbccddf308,9,1,9,11,2,1,00000000000011000000000000000000,94e49276ba3a00fbfd4748a6c8361513,94229276c23a00fbfd4748e8c8369d13,00c60000780000000000004e00008800,4,4812,1
3,74,00112233445566778899aabbccddf309,7,0,7,00,0,0,00000000000000000000000000000000,06a021b6c59df1a30e034e98f947f496,06a021b6c59df1a30e034e98f947f496,00000000000000000000000000000000,0,0000,0
3,75,00112233445566778899aabbccddf30a,9,1,9,0a,2,1,0000000000000a000000000000000000,25c79f8adc50f4550c6b4348c177667c,25bd9f8af650f4550c6b43ccc177257c,007a00002a0000000000008400004300,4,4812,1
3,76,00112233445566778899aabbccddf30b,3,0,3,00,0,0,00000000000000000000000000000000,bc20bee1a61ad2d814d2cfaf2dd55872,bc20bee1a61ad2d814d2cfaf2dd55872,00000000000000000000000000000000,0,0000,0
3,77,00112233445566778899aabbccddf30c,2,0,2,00,0,0,00000000000000000000000000000000,27ed888071580b783f24843cc6709e43,27ed888071580b783f24843cc6709e43,00000000000000000000000000000000,0,0000,0
3,78,00112233445566778899aabbccddf30d,7,1,7,88,2,1,00000000000000008800000000000000,1d63bc921a0a6de0ee0ffc9bc7e21ae0,1d6318921a196de06d0ffc9bc7e21a09,0000a4000013000083000000000000e9,4,2481,0
3,79,00112233445566778899aabbccddf30e,12,0,12,00,0,0,00000000000000000000000000000000,9418901c0830e161559710f7e239fc28,9418901c0830e161559710f7e239fc28,00000000000000000000000000000000,0,0000,0
3,80,00112233445566778899aabbccddf30f,11,1,11,c0,2,1,00000000c00000000000000000000000,afa3c509de9991056c769d62183b0f04,aff5c509559991056c769dda183b5504,005600008b000000000000b800005a00,4,4812,1
3,81,00112233445566778899aabbccddf310,14,0,14,00,0,0,00000000000000000000000000000000,587af06bb4b04baf33d64b589fc27766,587af06bb4b04baf33d64b589fc27766,00000000000000000000000000000000,0,0000,0
3,82,00112233445566778899aabbccddf311,6,1,6,14,2,1,00000000000000000014000000000000,440bf18f5cf33cf8b7f50cfa9839b7e1,440b9b8f5cac3cf876f50cfa9839b7d1,00006a00005f0000c100000000000030,4,2481,0
3,83,00112233445566778899aabbccddf312,15,1,15,10,1,1,10000000000000000000000000000000,15550205bfbad51c732db7da5f75b1e2,1c550205bfbad5d7732d24da5fbcb1e2,09000000000000cb0000930000c90000,4,8124,2
3,84,00112233445566778899aabbccddf313,0,0,0,00,0,0,00000000000000000000000000000000,eb65870315df038b2dac7e04b9cd224d,eb65870315df038b2dac7e04b9cd224d,00000000000000000000000000000000,0,0000,0
3,85,00112233445566778899aabbccddf314,13,1,13,20,1,1,00002000000000000000000000000000,e68bdecbbf540e1fbedd4f933b4dc807,228bdecbbf540ed0bedd3a933b69c807,c4000000000000cf0000750000240000,4,8124,2
3,86,00112233445566778899aabbccddf315,11,1,11,48,2,1,00000000480000000000000000000000,0bacf6183b11e751614a1584b4d7c453,0ba1f618eb11e751614a155fb4d79553,000d0000d0000000000000db00005100,4,4812,1
3,87,00112233445566778899aabbccddf316,12,1,12,03,2,1,00000003000000000000000000000000,f2ac7d15f065e87ec6713b54a8b75fb1,58ac7d15f065e83ec671a554a8c15fb1,aa0000000000004000009e0000760000,4,8124,2
3,88,00112233445566778899aabbccddf317,11,1,11,02,1,1,00000000020000000000000000000000,db26308a74335703fe3df2d6e468bb8f,db1e308a14335703fe3df217e4689f8f,0038000060000000000000c100002400,4,4812,1
3,89,00112233445566778899aabbccddf318,1,0,1,00,0,0,00000000000000000000000000000000,789e0d3a17b47627d2f3ba3f37de786b,789e0d3a17b47627d2f3ba3f37de786b,00000000000000000000000000000000,0,0000,0
3,90,00112233445566778899aabbccddf319,11,0,11,00,0,0,00000000000000000000000000000000,e009016da41e31da851788b774421621,e009016da41e31da851788b774421621,00000000000000000000000000000000,0,0000,0
3,91,00112233445566778899aabbccddf31a,12,1,13,80,1,1,00008000000000000000000000000000,b432cc904efc64d05948355be1d21e9d,2e32cc904efc64a35948055be1de1e9d,9a0000000000007300003000000c0000,4,8124,2
3,92,00112233445566778899aabbccddf31b,14,1,14,02,1,1,00020000000000000000000000000000,676d1710c5c9497727b380bcde4ae1f8,276d1710c5c9492227b385bcde31e1f8,400000000000005500000500007b0000,4,8124,2
3,93,00112233445566778899aabbccddf31c,6,0,6,00,0,0,00000000000000000000000000000000,b58f700d5f447f136baf8744cacaf656,b58f700d5f447f136baf8744cacaf656,00000000000000000000000000000000,0,0000,0
3,94,00112233445566778899aabbccddf31d,8,0,8,00,0,0,00000000000000000000000000000000,9248af280bf35c67f3c826e721f86fdd,9248af280bf35c67f3c826e721f86fdd,00000000000000000000000000000000,0,0000,0
3,95,00112233445566778899aabbccddf31e,10,1,9,20,1,1,00000000000020000000000000000000,74f48746f6d421861302679dbd0d059c,74ae8746a2d4218613026775bd0d6f9c,005a000054000000000000e800006a00,4,4812,1
3,96,00112233445566778899aabbccddf31f,8,0,8,00,0,0,00000000000000000000000000000000,def316e91ac9ceb76692b3e4264774d6,def316e91ac9ceb76692b3e4264774d6,00000000000000000000000000000000,0,0000,0
3,97,00112233445566778899aabbccddf320,3,1,5,08,1,1,00000000000000000000080000000000,d9925f9b64e2bb1d5aabac697ae8a639,d992fa9b6400bb1da3abac697ae8a695,0000a50000e20000f9000000000000ac,4,2481,0
3,98,00112233445566778899aabbccddf321,6,1,6,48,2,1,00000000000000000048000000000000,129fa2852a7553741d251d9aabd8f5ef,129f39852a525374bc251d9aabd8f568,00009b0000270000a100000000000087,4,2481,0
3,99,00112233445566778899aabbccddf322,6,1,6,12,2,1,00000000000000000012000000000000,2f1f00f1a8ff5d5d42309c66a597f183,2f1fd8f1a8285d5d41309c66a597f1d6,0000d80000d700000300000000000055,4,2481,0
3,100,00112233445566778899aabbccddf323,9,1,9,48,2,1,00000000000048000000000000000000,ee8c69241c7743f466d013ac920d7480,ee9469249d7743f466d013d4920ddd80,0018000081000000000000780000a900,4,4812,1
3,101,00112233445566778899aabbccddf324,14,1,14,14,2,1,00140000000000000000000000000000,0bfa482705ffa14cd8ca672f165107d4,dafa482705ffa1f4d8ca8e2f16c407d4,d1000000000000b80000e90000950000,4,8124,2
3,102,00112233445566778899aabbccddf325,0,1,0,48,2,1,00000000000000000000000000000048,88ed7bbf90b62f33465acc1711f2709b,88ed7b5890b604334680cc17cef2709b,000000e700002b0000da0000df000000,4,1248,3
3,103,00112233445566778899aabbccddf326,1,1,0,88,2,1,00000000000000000000000000000088,716fcef56250aa223b7f47debfbd70d7,716fceec6250a9223b1247de5ebd70d7,0000001900000300006d0000e1000000,4,1248,3
3,104,00112233445566778899aabbccddf327,1,1,1,03,2,1,00000000000000000000000000000300,46377e0d3f3856ff2eb1d8c74d8e2747,46377e4d3f3882ff2e2ed8c7668e2747,000000400000d400009f00002b000000,4,1248,3
3,105,00112233445566778899aabbccddf328,6,1,6,01,1,1,00000000000000000001000000000000,6b490fe9a2a56455c01f9b6ada30dbad,6b49f7e9a26564555d1f9b6ada30db7d,0000f80000c000009d000000000000d0,4,2481,0
3,106,00112233445566778899aabbccddf329,8,1,8,88,2,1,00000000000000880000000000000000,c740d99e2aab6296372559774f38c515,c789d99e6fab6296372559de4f388d15,00c9000045000000000000a900004800,4,4812,1
3,107,00112233445566778899aabbccddf32a,10,1,10,03,2,1,00000000000300000000000000000000,7a5f60bb24c4c16c10b4765e56f5d454,7a6060bb78c4c16c10b476cd56f53d54,003f00005c000000000000930000e900,4,4812,1
3,108,00112233445566778899aabbccddf32b,4,0,4,00,0,0,00000000000000000000000000000000,360ac1427f237123fe1f28083c80f951,360ac1427f237123fe1f28083c80f951,00000000000000000000000000000000,0,0000,0
3,109,00112233445566778899aabbccddf32c,8,1,8,04,1,1,00000000000000040000000000000000,02c350a9d74af99143d68343f1835df1,021550a99c4af99143d6837cf1831cf1,00d600004b0000000000003f00004100,4,4812,1
3,110,00112233445566778899aabbccddf32d,12,1,12,c0,2,1,000000c0000000000000000000000000,f280d4d8381cf61e528cdfbdac35c411,f080d4d8381cf6fb528c85bdacd5c411,02000000000000e500005a0000e00000,4,8124,2
3,111,00112233445566778899aabbccddf32e,5,0,5,00,0,0,00000000000000000000000000000000,3ea74aa4ec7a74c9be5f88548621311f,3ea74aa4ec7a74c9be5f88548621311f,00000000000000000000000000000000,0,0000,0
3,112,00112233445566778899aabbccddf32f,15,1,15,10,1,1,10000000000000000000000000000000,3656e1ada40c0ae0b06ce5949efc4ad5,d356e1ada40c0ac1b06c03949e904ad5,e5000000000000210000e600006c0000,4,8124,2
3,113,00112233445566778899aabbccddf330,4,1,4,12,2,1,00000000000000000000001200000000,ee72dd9a003ff93345bd69f8a4bcbfb7,ee72999a00f4f93397bd69f8a4bcbf60,0000440000cb0000d2000000000000d7,4,2481,0
3,114,00112233445566778899aabbccddf331,0,0,0,00,0,0,00000000000000000000000000000000,ef7f93c33ece2687b2f01b3a2994a19a,ef7f93c33ece2687b2f01b3a2994a19a,00000000000000000000000000000000,0,0000,0
3,115,00112233445566778899aabbccddf332,3,1,3,88,2,1,00000000000000000000000088000000,bf0cf24cc5e97bc3c267e34ae493310d,bf0cf270c5e97cc3c2c9e34aac93310d,0000003c0000070000ae000048000000,4,1248,3
3,116,00112233445566778899aabbccddf333,12,1,12,50,2,1,00000050000000000000000000000000,e8c26ad7e1fa0eeb981f172bf6a43cf1,27c26ad7e1fa0ea2981f812bf68c3cf1,cf000000000000490000960000280000,4,8124,2
3,117,00112233445566778899aabbccddf334,12,1,12,04,1,1,00000004000000000000000000000000,4b50fe0b5babcfe31bbfebeb24404123,1e50fe0b5babcfda1bbf69eb24664123,55000000000000390000820000260000,4,8124,2
3,118,00112233445566778899aabbccddf335,9,1,9,60,2,1,00000000000060000000000000000000,71feea712dd69c57c1ccc79a75611ea9,71bbea7142d69c57c1ccc7fc756195a9,004500006f0000000000006600008b00,4,4812,1
3,119,00112233445566778899aabbccddf336,11,1,9,c0,2,1,000000000000c0000000000000000000,fe9bcf92f9d4cc2c66052b0865f6c846,fe20cf9221d4cc2c66052b5665f67146,00bb0000d80000000000005e0000b900,4,4812,1
3,120,00112233445566778899aabbccddf337,0,0,0,00,0,0,00000000000000000000000000000000,1d2591236c5e0ebb81f1bc7a8f09f201,1d2591236c5e0ebb81f1bc7a8f09f201,00000000000000000000000000000000,0,0000,0
3,121,00112233445566778899aabbccddf338,9,1,9,24,2,1,00000000000024000000000000000000,136e801803c51906cb896c3b299e7683,132a8018d1c51906cb896c76299eea83,00440000d20000000000004d00009c00,4,4812,1
3,122,00112233445566778899aabbccddf339,15,1,15,24,2,1,24000000000000000000000000000000,765abd4ad8a70cac2c685e5767b721bd,8d5abd4ad8a70c6d2c685c57674421bd,fb000000000000c10000020000f30000,4,8124,2
3,123,00112233445566778899aabbccddf33a,12,1,12,03,2,1,00000003000000000000000000000000,4a5125bf86fd2b39e77b7ccc6381d861,c85125bf86fd2ba4e77b0fcc6364d861,820000000000009d0000730000e50000,4,8124,2
3,124,00112233445566778899aabbccddf33b,5,1,5,28,2,1,00000000000000000000280000000000,45f3cf9e44bb24e54adaf24627c5fbd2,45f36b9e44c424e516daf24627c5fb3e,0000a400007f00005c000000000000ec,4,2481,0
3,125,00112233445566778899aabbccddf33c,8,1,8,01,1,1,00000000000000010000000000000000,6cc6369f0adebf93bafc7d96db43ea05,6ce7369feadebf93bafc7d13db434e05,00210000e0000000000000850000a400,4,4812,1
3,126,00112233445566778899aabbccddf33d,8,1,8,60,2,1,00000000000000600000000000000000,e17a69c342248f9b3efe778a7b959f0e,e12b69c32d248f9b3efe77cd7b951f0e,005100006f0000000000004700008000,4,4812,1
3,127,00112233445566778899aabbccddf33e,5,0,5,00,0,0,00000000000000000000000000000000,9e766c439aa2ced8078bb27335d13864,9e766c439aa2ced8078bb27335d13864,00000000000000000000000000000000,0,0000,0
3,128,00112233445566778899aabbccddf33f,1,1,3,88,2,1,00000000000000000000000088000000,e8d682d0b9ce8138d3a9f6d0741a4a96,e8d68284b9ce0f38d345f6d0bc1a4a96,0000005400008e0000ec0000c8000000,4,1248,3
3,129,00112233445566778899aabbccddf340,7,0,7,00,0,0,00000000000000000000000000000000,7d380c33d5aabb6e6227e615ef52f045,7d380c33d5aabb6e6227e615ef52f045,00000000000000000000000000000000,0,0000,0
3,130,00112233445566778899aabbccddf341,1,0,1,00,0,0,00000000000000000000000000000000,76d706d465a586a468cded3003702b6f,76d706d465a586a468cded3003702b6f,00000000000000000000000000000000,0,0000,0
3,131,00112233445566778899aabbccddf342,6,1,8,01,1,1,00000000000000010000000000000000,7674b1a6fca6e9fa9d83b26ae44724c5,7695b1a6a8a6e9fa9d83b265e44759c5,00e10000540000000000000f00007d00,4,4812,1
3,132,00112233445566778899aabbccddf343,15,1,15,08,1,1,08000000000000000000000000000000,d92daf96118dd3d9eeb3c9d0716965f4,832daf96118dd31beeb37ad0710165f4,5a000000000000c20000b30000680000,4,8124,2
3,133,00112233445566778899aabbccddf344,9,1,9,80,1,1,00000000000080000000000000000000,38015dbc33332fd015ce3770eb3a53b9,38995dbceb332fd015ce376aeb3ad7b9,00980000d80000000000001a00008400,4,4812,1
3,134,00112233445566778899aabbccddf345,11,1,10,12,2,1,00000000001200000000000000000000,dfc72e745e2d65a69724398ffefa3262,df492e74a42d65a69724393afefa2262,008e0000fa000000000000b500001000,4,4812,1
3,135,00112233445566778899aabbccddf346,0,1,0,24,2,1,00000000000000000000000000000024,c307d3cc3a3af8624270100c5e6c7445,c307d3b43a3a23624271100c786c7445,000000780000db000001000026000000,4,1248,3
3,136,00112233445566778899aabbccddf347,0,1,0,14,2,1,00000000000000000000000000000014,b049fcabb7954f7e5a0faf3d3d4593a4,b049fcfcb795667e5aa3af3de14593a4,000000570000290000ac0000dc000000,4,1248,3
3,137,00112233445566778899aabbccddf348,12,1,12,50,2,1,00000050000000000000000000000000,99162d24e9f575d49d8122fa79c8e9f0,6f162d24e9f575519d81cffa793be9f0,f6000000000000850000ed0000f30000,4,8124,2
3,138,00112233445566778899aabbccddf349,6,1,7,01,1,1,00000000000000000100000000000000,bdd761df3f0f58c82e8cf65f51012cc8,bdd7e8df3f1658c8ad8cf65f51012cfc,00008900001900008300000000000034,4,2481,0
3,139,00112233445566778899aabbccddf34a,15,1,15,08,1,1,08000000000000000000000000000000,aa307d666630940ebb4626b3fe91e420,45307d6666309400bb4652b3fe9de420,ef0000000000000e00007400000c0000,4,8124,2
3,140,00112233445566778899aabbccddf34b,6,0,6,00,0,0,00000000000000000000000000000000,9959cb847992327721199e9debefef16,9959cb847992327721199e9debefef16,00000000000000000000000000000000,0,0000,0
3,141,00112233445566778899aabbccddf34c,1,0,1,00,0,0,00000000000000000000000000000000,b42409521b46b0b5d4cb2e9d4ae6d578,b42409521b46b0b5d4cb2e9d4ae6d578,00000000000000000000000000000000,0,0000,0
3,142,00112233445566778899aabbccddf34d,15,1,15,48,2,1,48000000000000000000000000000000,62bc32cb6902e72a4e8a4fcf397ca4fa,34bc32cb6902e75a4e8a7dcf398fa4fa,56000000000000700000320000f30000,4,8124,2
3,143,00112233445566778899aabbccddf34e,6,1,6,01,1,1,00000000000000000001000000000000,8f21ad68e1ef2b26d834cdcb9f0e32ce,8f214968e1c52b268b34cdcb9f0e32e4,0000e400002a0000530000000000002a,4,2481,0
3,144,00112233445566778899aabbccddf34f,13,0,13,00,0,0,00000000000000000000000000000000,e0e4580a11ec2f7a0b10990fec0a0389,e0e4580a11ec2f7a0b10990fec0a0389,00000000000000000000000000000000,0,0000,0
3,145,00112233445566778899aabbccddf350,5,0,5,00,0,0,00000000000000000000000000000000,2ce11b684f4658e55a3890e7eb84df2a,2ce11b684f4658e55a3890e7eb84df2a,00000000000000000000000000000000,0,0000,0
3,146,00112233445566778899aabbccddf351,6,1,6,03,2,1,00000000000000000003000000000000,4636eabe93eaecad6d37f339bbdb7359,4636f5be93ebecad0737f339bbdb7355,00001f00000100006a0000000000000c,4,2481,0
3,147,00112233445566778899aabbccddf352,3,1,4,80,1,1,00000000000000000000008000000000,04618f38719adf0270d5bf8d26bd3ed5,0461db387138df0290d5bf8d26bd3e84,0000540000a20000e000000000000051,4,2481,0
3,148,00112233445566778899aabbccddf353,6,0,6,00,0,0,00000000000000000000000000000000,c512fa4ac2637e24c82b523b26f37bd4,c512fa4ac2637e24c82b523b26f37bd4,00000000000000000000000000000000,0,0000,0
3,149,00112233445566778899aabbccddf354,5,1,5,80,1,1,00000000000000000000800000000000,20dd9e811a4c5017b31d5c09e7a9ea59,20dd7b811ae25017091d5c09e7a9eaf2,0000e50000ae0000ba000000000000ab,4,2481,0
3,150,00112233445566778899aabbccddf355,10,1,10,80,1,1,00000000008000000000000000000000,bdd816d2f1edd82039afce6e4f100ac8,bdff16d29cedd82039afcea64f1033c8,002700006d000000000000c800003900,4,4812,1
3,151,00112233445566778899aabbccddf356,4,1,4,80,1,1,00000000000000000000008000000000,e4bf460bceb8ad946034dfa7bc6eef38,e4bf510bcefcad946334dfa7bc6eefba,00001700004400000300000000000082,4,2481,0
3,152,00112233445566778899aabbccddf357,11,1,11,11,2,1,00000000110000000000000000000000,d6ae4374e3b0eb566d94f733bcc48d1d,d62a437460b0eb566d94f79bbcc4c11d,0084000083000000000000a800004c00,4,4812,1
3,153,00112233445566778899aabbccddf358,0,1,0,04,1,1,00000000000000000000000000000004,1c13a72191fd25e3d82ccba257b4c3fc,1c13a78591fd7de3d87bcba2dfb4c3fc,000000a4000058000057000088000000,4,1248,3
3,154,00112233445566778899aabbccddf359,7,0,7,00,0,0,00000000000000000000000000000000,4e534721ed16db3865a8ce48d58b9621,4e534721ed16db3865a8ce48d58b9621,00000000000000000000000000000000,0,0000,0
3,155,00112233445566778899aabbccddf35a,1,0,1,00,0,0,00000000000000000000000000000000,c0a17e9a6ae5dc4e0b3537558fc27bb4,c0a17e9a6ae5dc4e0b3537558fc27bb4,00000000000000000000000000000000,0,0000,0
3,156,00112233445566778899aabbccddf35b,5,1,5,28,2,1,00000000000000000000280000000000,3ee350b4c5f38b581d4eb5b1d891a8a7,3ee36db4c5ca8b581e4eb5b1d891a85b,00003d000039000003000000000000fc,4,2481,0
3,157,00112233445566778899aabbccddf35c,1,1,1,80,1,1,00000000000000000000000000008000,1e01e1c07dc4a7d095618a45f74ee116,1e01e15d7dc442d095508a450a4ee116,0000009d0000e50000310000fd000000,4,1248,3
3,158,00112233445566778899aabbccddf35d,5,1,5,28,2,1,00000000000000000000280000000000,f49449a2d39056668704cf85541887e6,f49468a2d3675666ee04cf8554188718,0000210000f7000069000000000000fe,4,2481,0
3,159,00112233445566778899aabbccddf35e,0,1,0,06,2,1,00000000000000000000000000000006,e2cba2706f86bf301dc72dee82d96461,e2cba2556f8602301dab2dee87d96461,000000250000bd00006c000005000000,4,1248,3
3,160,00112233445566778899aabbccddf35f,1,1,1,40,1,1,00000000000000000000000000004000,4e0b86da2aa941bde79111eb7fa32aba,4e0b86f02aa9dbbde7cc11ebb6a32aba,0000002a00009a00005d0000c9000000,4,1248,3
3,161,00112233445566778899aabbccddf360,13,1,12,02,1,1,00000002000000000000000000000000,97287d7c9e479c872d29bf401802e8a4,2a287d7c9e479cef2d29ef401834e8a4,bd000000000000680000500000360000,4,8124,2
3,162,00112233445566778899aabbccddf361,2,1,2,14,2,1,00000000000000000000000000140000,1d8878cef37524416e2506de8aa3fd52,1d88786ef37581416e4006de67a3fd52,000000a00000a50000650000ed000000,4,1248,3
3,163,00112233445566778899aabbccddf362,7,1,7,50,2,1,00000000000000005000000000000000,7eeecc13cc9c2eb2fe8838c61bcdd767,7eee5e13ccc12eb29e8838c61bcdd77e,00009200005d00006000000000000019,4,2481,0
3,164,00112233445566778899aabbccddf363,14,1,14,03,2,1,00030000000000000000000000000000,1aa0d41071c3d8b01ec26fcf46090bdf,89a0d41071c3d8e31ec277cf463b0bdf,93000000000000530000180000320000,4,8124,2
3,165,00112233445566778899aabbccddf364,7,0,7,00,0,0,00000000000000000000000000000000,45d6f9a4b9f4d9654354737a44783544,45d6f9a4b9f4d9654354737a44783544,00000000000000000000000000000000,0,0000,0
3,166,00112233445566778899aabbccddf365,7,1,7,08,1,1,00000000000000000800000000000000,3885651d14e087adf5d529ccd107bb50,3885031d147087addcd529ccd107bb2d,0000660000900000290000000000007d,4,2481,0
3,167,00112233445566778899aabbccddf366,0,1,0,11,2,1,00000000000000000000000000000011,b9f77abf46ffdf50e0145c3bc1bf9d35,b9f77aae46ffe950e09d5c3bcbbf9d35,0000001100003600008900000a000000,4,1248,3
3,168,00112233445566778899aabbccddf367,4,0,4,00,0,0,00000000000000000000000000000000,c0ed63ad2331228e98b3ca80230a2f97,c0ed63ad2331228e98b3ca80230a2f97,00000000000000000000000000000000,0,0000,0
3,169,00112233445566778899aabbccddf368,9,1,9,10,1,1,00000000000010000000000000000000,8b356a2b99ce52ca44d83c2bffc4bc0d,8ba76a2bd9ce52ca44d83c84ffc48a0d,0092000040000000000000af00003600,4,4812,1
3,170,00112233445566778899aabbccddf369,7,1,7,40,1,1,00000000000000004000000000000000,1100b122cbfcf4c28eb18c70f067b81c,1100db22cb58f4c2a5b18c70f067b8c5,00006a0000a400002b000000000000d9,4,2481,0
3,171,00112233445566778899aabbccddf36a,3,1,3,c0,2,1,000000000000000000000000c0000000,26f4c0320a3df6daa21056a962c306b8,26f4c0f80a3ddcdaa22656a9a5c306b8,000000ca00002a0000360000c7000000,4,1248,3
3,172,00112233445566778899aabbccddf36b,1,1,1,12,2,1,00000000000000000000000000001200,060ec9cebe68f8c177c1ed273731b63e,060ec9d0be6870c177bfed275a31b63e,0000001e00008800007e00006d000000,4,1248,3
3,173,00112233445566778899aabbccddf36c,14,1,14,01,1,1,00010000000000000000000000000000,44a549a1fcf342aac0945c6b476b8901,b9a549a1fcf3424ac094306b47198901,fd000000000000e000006c0000720000,4,8124,2
3,174,00112233445566778899aabbccddf36d,3,1,3,c0,2,1,000000000000000000000000c0000000,08c561702709700860a0bef6987c73db,08c561902709fd0860dbbef6dc7c73db,000000e000008d00007b000044000000,4,1248,3
3,175,00112233445566778899aabbccddf36e,5,1,5,c0,2,1,00000000000000000000c00000000000,c23f0532eb7d0e9765fd001e8fd61d28,c23f7232eb580e9792fd001e8fd61d51,0000770000250000f700000000000079,4,2481,0
3,176,00112233445566778899aabbccddf36f,8,0,8,00,0,0,00000000000000000000000000000000,e018e97799750b7280395c266fef4ff8,e018e97799750b7280395c266fef4ff8,00000000000000000000000000000000,0,0000,0
3,177,00112233445566778899aabbccddf370,10,1,10,03,2,1,00000000000300000000000000000000,32484cc01a9a8535628360dd911fe2de,32264cc0589a8535628360b9911fb4de,006e0000420000000000006400005600,4,4812,1
3,178,00112233445566778899aabbccddf371,8,1,8,06,2,1,00000000000000060000000000000000,be2b307d359b87ff622aa6370915793a,be32307d249b87ff622aa66b09159a3a,00190000110000000000005c0000e300,4,4812,1
3,179,00112233445566778899aabbccddf372,9,1,9,12,2,1,00000000000012000000000000000000,4d1a211d3665907ea12bc22459c13f0e,4dec211d6165907ea12bc24959c1200e,00f60000570000000000006d00001f00,4,4812,1
3,180,00112233445566778899aabbccddf373,8,1,8,24,2,1,00000000000000240000000000000000,56edd858b73a54ee5edd3e0ca625c0b3,56f7d8582d3a54ee5edd3e72a625bfb3,001a00009a0000000000007e00007f00,4,4812,1
3,181,00112233445566778899aabbccddf374,11,1,11,12,2,1,00000000120000000000000000000000,4b8e9c952855eb6b29b0ebdaaefae12b,4b2b9c95d555eb6b29b0ebbeaefa8f2b,00a50000fd0000000000006400006e00,4,4812,1
3,182,00112233445566778899aabbccddf375,14,0,14,00,0,0,00000000000000000000000000000000,f509f61404b73e809536a88110a44eed,f509f61404b73e809536a88110a44eed,00000000000000000000000000000000,0,0000,0
3,183,00112233445566778899aabbccddf376,0,0,0,00,0,0,00000000000000000000000000000000,42e77ba6ea58d2f9167bfd535530e9f7,42e77ba6ea58d2f9167bfd535530e9f7,00000000000000000000000000000000,0,0000,0
3,184,00112233445566778899aabbccddf377,5,1,7,80,1,1,00000000000000008000000000000000,bf7669bde574a4025a20fd73df8b21c0,bf76bebde547a4023820fd73df8b21f4,0000d700003300006200000000000034,4,2481,0
3,185,00112233445566778899aabbccddf378,7,0,7,00,0,0,00000000000000000000000000000000,38100e2c391888f2975c6a7f2d188454,38100e2c391888f2975c6a7f2d188454,00000000000000000000000000000000,0,0000,0
3,186,00112233445566778899aabbccddf379,9,1,9,20,1,1,00000000000020000000000000000000,3cb9a01f4edfe68394aba2ff741fabbd,3ca8a01fbddfe68394aba287741fd1bd,00110000f30000000000007800007a00,4,4812,1
3,187,00112233445566778899aabbccddf37a,14,1,14,01,1,1,00010000000000000000000000000000,95e4c49778bd852f25894257b02fc20a,afe4c49778bd85952589a557b0acc20a,3a000000000000ba0000e70000830000,4,8124,2
3,188,00112233445566778899aabbccddf37b,2,1,2,03,2,1,00000000000000000000000000030000,6dd8d39fea078c932f3430194288b345,6dd8d360ea07a8932f793019be88b345,000000ff00002400004d0000fc000000,4,1248,3
3,189,00112233445566778899aabbccddf37c,8,0,8,00,0,0,00000000000000000000000000000000,0fe12a1a3a81a8fdfb31930b7823e6fb,0fe12a1a3a81a8fdfb31930b7823e6fb,00000000000000000000000000000000,0,0000,0
3,190,00112233445566778899aabbccddf37d,14,1,14,08,1,1,00080000000000000000000000000000,574495859bae67db2922e9e6108f88c6,594495859bae678029229fe610bf88c6,0e0000000000005b0000760000300000,4,8124,2
3,191,00112233445566778899aabbccddf37e,8,1,8,80,1,1,00000000000000800000000000000000,2ac5cb646b644091268f716c426805b9,2a2acb6471644091268f71a74268b5b9,00ef00001a000000000000cb0000b000,4,4812,1
3,192,00112233445566778899aabbccddf37f,15,1,15,10,1,1,10000000000000000000000000000000,2b19adead61bcaa4d761131ebd6cc801,ca19adead61bcafdd761b51ebd8ac801,e1000000000000590000a60000e60000,4,8124,2
3,193,00112233445566778899aabbccddf380,8,0,8,00,0,0,00000000000000000000000000000000,a95b9f00f1b9d0a329b522f21b84e19b,a95b9f00f1b9d0a329b522f21b84e19b,00000000000000000000000000000000,0,0000,0
3,194,00112233445566778899aabbccddf381,6,1,7,04,1,1,00000000000000000400000000000000,cffa3e537e23aedde8b9adae683f7687,cffa6f537eb1aeddb3b9adae683f7653,00005100009200005b000000000000d4,4,2481,0
3,195,00112233445566778899aabbccddf382,1,1,1,06,2,1,00000000000000000000000000000600,98cb72fb83d11e435e42942bccba5b51,98cb721983d14b435eeb942b5cba5b51,000000e20000550000a9000090000000,4,1248,3
3,196,00112233445566778899aabbccddf383,0,1,0,02,1,1,00000000000000000000000000000002,8cf8dc048e5c52a8d90facbb8a131a6f,8cf8dc4c8e5cd7a8d958acbb1e131a6f,00000048000085000057000094000000,4,1248,3
3,197,00112233445566778899aabbccddf384,4,1,4,0a,2,1,00000000000000000000000a00000000,a55fc8c0085079db3029af28febb81a4,a55ffdc008bd79dbd829af28febb8155,0000350000ed0000e8000000000000f1,4,2481,0
3,198,00112233445566778899aabbccddf385,9,1,9,48,2,1,00000000000048000000000000000000,d936508e4146ffe911c938ecbf5544e3,d93d508e5746ffe911c938e0bf5517e3,000b0000160000000000000c00005300,4,4812,1
3,199,00112233445566778899aabbccddf386,15,1,14,60,2,1,00600000000000000000000000000000,6e90038438cfb1d2b37b821e2c22c57f,fd90038438cfb113b37b481e2c64c57f,93000000000000c10000ca0000460000,4,8124,2
3,200,00112233445566778899aabbccddf387,12,0,12,00,0,0,00000000000000000000000000000000,474a8f54f147d8b7a4e11c2a2bf9b8cc,474a8f54f147d8b7a4e11c2a2bf9b8cc,00000000000000000000000000000000,0,0000,0
3,201,00112233445566778899aabbccddf388,15,1,15,11,2,1,11000000000000000000000000000000,f31e9799fd1b2db250e97cac8320d0d4,1a1e9799fd1b2d5350e974ac83fed0d4,e9000000000000e10000080000de0000,4,8124,2
3,202,00112233445566778899aabbccddf389,0,1,0,80,1,1,00000000000000000000000000000080,a1541954a84df45b410544ee9c877684,a1541987a84d515b41ac44eeef877684,000000d30000a50000a9000073000000,4,1248,3
3,203,00112233445566778899aabbccddf38a,12,1,12,02,1,1,00000002000000000000000000000000,e26414eebb6980934a416efd14c1b9b7,da6414eebb6980294a4199fd14ceb9b7,38000000000000ba0000f700000f0000,4,8124,2
3,204,00112233445566778899aabbccddf38b,4,1,4,03,2,1,00000000000000000000000300000000,224f0b91fd2d019484e9af06d72178a4,224f8591fdea0194e9e9af06d72178f6,00008e0000c700006d00000000000052,4,2481,0
3,205,00112233445566778899aabbccddf38c,10,1,8,10,1,1,00000000000000100000000000000000,381ab93a934053d137a2d6d8945368ed,38d2b93a784053d137a2d682945369ed,00c80000eb0000000000005a00000100,4,4812,1
3,206,00112233445566778899aabbccddf38d,11,1,9,08,1,1,00000000000008000000000000000000,f5de660f2d0054b1c2a79bfc96310b84,f524660fed0054b1c2a79b7f96313884,00fa0000c00000000000008300003300,4,4812,1
3,207,00112233445566778899aabbccddf38e,0,1,0,06,2,1,00000000000000000000000000000006,14ecd04e9ea0f1b76fe7a4821a28d66f,14ecd0319ea058b76fcea4822728d66f,0000007f0000a900002900003d000000,4,1248,3
3,208,00112233445566778899aabbccddf38f,9,1,9,24,2,1,00000000000024000000000000000000,e181559523781319bc95f748c1bb0739,e16c559512781319bc95f7bac1bbfa39,00ed000031000000000000f20000fd00,4,4812,1
3,209,00112233445566778899aabbccddf390,12,1,13,40,1,1,00004000000000000000000000000000,737ed4bcd4b7565c160064cb12da8f4f,177ed4bcd4b7566f1600f9cb12cc8f4f,640000000000003300009d0000160000,4,8124,2
3,210,00112233445566778899aabbccddf391,13,1,11,08,1,1,00000000080000000000000000000000,30cc11222a2268e86d45e3b2392f7070,302b1122852268e86d45e3ce392f0d70,00e70000af0000000000007c00007d00,4,4812,1
3,211,00112233445566778899aabbccddf392,13,0,13,00,0,0,00000000000000000000000000000000,7b14993b9e91d25f509567ca413bd0b8,7b14993b9e91d25f509567ca413bd0b8,00000000000000000000000000000000,0,0000,0
3,212,00112233445566778899aabbccddf393,6,1,6,12,2,1,00000000000000000012000000000000,e5e1233976dd3f76f557cc11b830d877,e5e1bc3976c23f767457cc11b830d8bc,00009f00001f000081000000000000cb,4,2481,0
3,213,00112233445566778899aabbccddf394,8,1,8,50,2,1,00000000000000500000000000000000,bd2d35cfe16667bbd0086fc77f3663f1,bd3f35cf676667bbd0086ff17f364ef1,00120000860000000000003600002d00,4,4812,1
3,214,00112233445566778899aabbccddf395,14,1,14,28,2,1,00280000000000000000000000000000,563c50b848ecb496bcd888bf02e39e22,993c50b848ecb498bcd889bf02619e22,cf0000000000000e0000010000820000,4,8124,2
3,215,00112233445566778899aabbccddf396,15,1,15,24,2,1,24000000000000000000000000000000,45b00dc630896291a29ccbef71ff2f95,09b00dc6308962e3a29c55ef71642f95,4c0000000000007200009e00009b0000,4,8124,2
3,216,00112233445566778899aabbccddf397,4,0,4,00,0,0,00000000000000000000000000000000,fc67dea3fcb0aae27e31ec379526215c,fc67dea3fcb0aae27e31ec379526215c,00000000000000000000000000000000,0,0000,0
3,217,00112233445566778899aabbccddf398,11,0,11,00,0,0,00000000000000000000000000000000,987b72634b6a9922a03efc240b609830,987b72634b6a9922a03efc240b609830,00000000000000000000000000000000,0,0000,0
3,218,00112233445566778899aabbccddf399,13,1,13,24,2,1,00002400000000000000000000000000,13d47e9f936304d87b27c5b3077a239c,20d47e9f936304a97b27b2b307fb239c,33000000000000710000770000810000,4,8124,2
3,219,00112233445566778899aabbccddf39a,10,1,10,14,2,1,00000000001400000000000000000000,64c8a849ac2ec1ea2de297162257d00f,64fea849042ec1ea2de2970c22571b0f,00360000a80000000000001a0000cb00,4,4812,1
3,220,00112233445566778899aabbccddf39b,3,1,3,24,2,1,00000000000000000000000024000000,65519809ef30ee15427fffd05bd4a3a3,655198f6ef30da15428effd019d4a3a3,000000ff0000340000f1000042000000,4,1248,3
3,221,00112233445566778899aabbccddf39c,11,1,11,88,2,1,00000000880000000000000000000000,5914d69b61ac65bad5092865c413f735,5943d69b8aac65bad50928dcc413e535,00570000eb000000000000b900001200,4,4812,1
3,222,00112233445566778899aabbccddf39d,10,0,10,00,0,0,00000000000000000000000000000000,f0dae3926a747edb30edf3c67863dbfd,f0dae3926a747edb30edf3c67863dbfd,00000000000000000000000000000000,0,0000,0
3,223,00112233445566778899aabbccddf39e,8,1,9,24,2,1,00000000000024000000000000000000,b49e78f3400f6cbdbe1fd99d2ca7297d,b41e78f33f0f6cbdbe1fd9152ca7727d,008000007f0000000000008800005b00,4,4812,1
3,224,00112233445566778899aabbccddf39f,6,1,6,88,2,1,00000000000000000088000000000000,b923cf7a3f9cbf0916e6914aef5adb89,b923687a3fb7bf09e7e6914aef5adb12,0000a700002b0000f10000000000009b,4,2481,0
3,225,00112233445566778899aabbccddf3a0,7,1,7,01,1,1,00000000000000000100000000000000,e2d836f34674a20e2559b6b5c80c0a5d,e2d8a1f346eba20e9f59b6b5c80c0a76,00009700009f0000ba0000000000002b,4,2481,0
3,226,00112233445566778899aabbccddf3a1,2,1,1,80,1,1,00000000000000000000000000008000,e11edbc5a39de626c448afdc0f6dbf2a,e11edb6ba39d1126c4d1afdc8f6dbf2a,000000ae0000f7000099000080000000,4,1248,3
3,227,00112233445566778899aabbccddf3a2,9,0,9,00,0,0,00000000000000000000000000000000,9a3d51b6745ee21c8a00ecf57e76b1ae,9a3d51b6745ee21c8a00ecf57e76b1ae,00000000000000000000000000000000,0,0000,0
3,228,00112233445566778899aabbccddf3a3,2,1,2,80,1,1,00000000000000000000000000800000,682d33974470c8c39c2095fa6c420ac7,682d33ae447043c39c4f95fa4e420ac7,0000003900008b00006f000022000000,4,1248,3
3,229,00112233445566778899aabbccddf3a4,12,1,12,80,1,1,00000080000000000000000000000000,9caf331a06f643e29a70ca45ca5adac2,11af331a06f643fb9a704645cadadac2,8d0000000000001900008c0000800000,4,8124,2
3,230,00112233445566778899aabbccddf3a5,1,1,1,24,2,1,00000000000000000000000000002400,2b368c3050f68794b8bffdfe1fe1c8e1,2b368c1c50f62594b88efdfe6ae1c8e1,0000002c0000a2000031000075000000,4,1248,3
3,231,00112233445566778899aabbccddf3a6,8,0,8,00,0,0,00000000000000000000000000000000,0b2604536af899f55e26aa67834c4ae5,0b2604536af899f55e26aa67834c4ae5,00000000000000000000000000000000,0,0000,0
3,232,00112233445566778899aabbccddf3a7,3,0,3,00,0,0,00000000000000000000000000000000,446b4299b3272ecff9cbaec95513bebc,446b4299b3272ecff9cbaec95513bebc,00000000000000000000000000000000,0,0000,0
3,233,00112233445566778899aabbccddf3a8,4,1,4,50,2,1,00000000000000000000005000000000,3969dd2bc8ed2b73a22c855f277805c0,3969482bc8792b73f92c855f27780529,00009500009400005b000000000000e9,4,2481,0
3,234,00112233445566778899aabbccddf3a9,1,1,1,80,1,1,00000000000000000000000000008000,28afb1dbed2b407e0d40d078028f5f08,28afb1deed2b797e0db3d078ec8f5f08,000000050000390000f30000ee000000,4,1248,3
3,235,00112233445566778899aabbccddf3aa,5,1,5,60,2,1,00000000000000000000600000000000,04033ac99f26a94c613c42cc5f640e99,0403f4c99f6ca94c5f3c42cc5f640ec8,0000ce00004a00003e00000000000051,4,2481,0
3,236,00112233445566778899aabbccddf3ab,0,1,0,14,2,1,00000000000000000000000000000014,e183d9243e574c03665fecee89af225a,e183d9c93e5744036660ecee71af225a,000000ed00000800003f0000f8000000,4,1248,3
3,237,00112233445566778899aabbccddf3ac,3,0,3,00,0,0,00000000000000000000000000000000,7d2573de6460eeaf9dd572b7be32f017,7d2573de6460eeaf9dd572b7be32f017,00000000000000000000000000000000,0,0000,0
3,238,00112233445566778899aabbccddf3ad,13,0,13,00,0,0,00000000000000000000000000000000,720bc300c952da562b66fc0c0f418b4d,720bc300c952da562b66fc0c0f418b4d,00000000000000000000000000000000,0,0000,0
3,239,00112233445566778899aabbccddf3ae,4,0,4,00,0,0,00000000000000000000000000000000,0dc2fa433f7a34274033f4afcf1edfde,0dc2fa433f7a34274033f4afcf1edfde,00000000000000000000000000000000,0,0000,0
3,240,00112233445566778899aabbccddf3af,7,1,7,88,2,1,00000000000000008800000000000000,410b53fbee9c921c32fdacecf824fc48,410b7efbee7e921cdbfdacecf824fc04,00002d0000e20000e90000000000004c,4,2481,0
3,241,00112233445566778899aabbccddf3b0,15,1,15,80,1,1,80000000000000000000000000000000,3e2ab9a4f0681526b150945a16d73430,c32ab9a4f0681544b150a65a16393430,fd000000000000620000320000ee0000,4,8124,2
3,242,00112233445566778899aabbccddf3b1,9,1,10,01,1,1,00000000000100000000000000000000,7fd8001a0564265fa6bcec3be5ccc890,7f2b001aff64265fa6bcec1ae5ccab90,00f30000fa0000000000002100006300,4,4812,1
3,243,00112233445566778899aabbccddf3b2,7,0,7,00,0,0,00000000000000000000000000000000,923b8bbaa49d9d9843546824e1483bb3,923b8bbaa49d9d9843546824e1483bb3,00000000000000000000000000000000,0,0000,0
3,244,00112233445566778899aabbccddf3b3,2,1,2,11,2,1,00000000000000000000000000110000,eba8f21632fa839e1163fbabc5719d59,eba8f21b32fa6d9e11a8fbabd3719d59,0000000d0000ee0000cb000016000000,4,1248,3
3,245,00112233445566778899aabbccddf3b4,7,1,7,06,2,1,00000000000000000600000000000000,553ed130621ab024e4b0f2e440d70243,553e6230628bb02461b0f2e440d70211,0000b300009100008500000000000052,4,2481,0
3,246,00112233445566778899aabbccddf3b5,11,1,11,0a,2,1,000000000a0000000000000000000000,fa3645c3f2d5cbac98fa51993eeb9a05,fa1f45c385d5cbac98fa51573eeb7905,0029000077000000000000ce0000e300,4,4812,1
3,247,00112233445566778899aabbccddf3b6,9,0,9,00,0,0,00000000000000000000000000000000,11cda1913cd88d9c6937b270cfe8f5df,11cda1913cd88d9c6937b270cfe8f5df,00000000000000000000000000000000,0,0000,0
3,248,00112233445566778899aabbccddf3b7,6,0,6,00,0,0,00000000000000000000000000000000,5c0c674722d53f0b4e90ffe01bd37a7c,5c0c674722d53f0b4e90ffe01bd37a7c,00000000000000000000000000000000,0,0000,0
3,249,00112233445566778899aabbccddf3b8,5,0,5,00,0,0,00000000000000000000000000000000,991b0712774b1452e9c42256b837fb46,991b0712774b1452e9c42256b837fb46,00000000000000000000000000000000,0,0000,0
3,250,00112233445566778899aabbccddf3b9,0,1,1,48,2,1,00000000000000000000000000004800,451ccf6407b53b8432013dc0907c68e3,451ccf0007b59384323e3dc0c97c68e3,000000640000a800003f000059000000,4,1248,3
3,251,00112233445566778899aabbccddf3ba,8,1,8,03,2,1,00000000000000030000000000000000,cd44b08777796491b399b5929181d2dc,cdbcb08702796491b399b5c19181e2dc,00f80000750000000000005300003000,4,4812,1
3,252,00112233445566778899aabbccddf3bb,12,1,12,28,2,1,00000028000000000000000000000000,d417d2311edc1fe74b1957918b4bab12,7d17d2311edc1fd04b1919918bd7ab12,a90000000000003700004e00009c0000,4,8124,2
3,253,00112233445566778899aabbccddf3bc,12,0,12,00,0,0,00000000000000000000000000000000,134bc1b9d5f8aec3ef0dbae3431b72e5,134bc1b9d5f8aec3ef0dbae3431b72e5,00000000000000000000000000000000,0,0000,0
3,254,00112233445566778899aabbccddf3bd,1,0,1,00,0,0,00000000000000000000000000000000,986249deca8105006b635dfac1db9ef7,986249deca8105006b635dfac1db9ef7,00000000000000000000000000000000,0,0000,0
3,255,00112233445566778899aabbccddf3be,2,1,2,20,1,1,00000000000000000000000000200000,618cffe6980102fa37512d695d6e6621,618cff38980181fa37542d69fc6e6621,000000de0000830000050000a1000000,4,1248,3
3,256,00112233445566778899aabbccddf3bf,1,1,1,24,2,1,00000000000000000000000000002400,4a9f906e8304b984721634ac1e2cac2f,4a9f90b983040584728834ac052cac2f,000000d70000bc00009e00001b000000,4,1248,3
3,257,00112233445566778899aabbccddf3c0,1,0,1,00,0,0,00000000000000000000000000000000,31b2ee35441438b854d8dc45c65146f4,31b2ee35441438b854d8dc45c65146f4,00000000000000000000000000000000,0,0000,0
3,258,00112233445566778899aabbccddf3c1,10,1,10,28,2,1,00000000002800000000000000000000,7431d61c5e207fdbf338b53d9dfe7df3,745bd61c9d207fdbf338b5079dfefef3,006a0000c30000000000003a00008300,4,4812,1
3,259,00112233445566778899aabbccddf3c2,13,1,13,c0,2,1,0000c000000000000000000000000000,30dc8c915617358e9dd593d8de112741,00dc8c91561735c89dd5ead8de0d2741,300000000000004600007900001c0000,4,8124,2
3,260,00112233445566778899aabbccddf3c3,13,0,13,00,0,0,00000000000000000000000000000000,17427cc6d9bdd42d3883df59159a8d73,17427cc6d9bdd42d3883df59159a8d73,00000000000000000000000000000000,0,0000,0
3,261,00112233445566778899aabbccddf3c4,11,1,11,20,1,1,00000000200000000000000000000000,503a0762ee7dfa0fe2f7cd88ea289aef,50050762367dfa0fe2f7cd01ea2855ef,003f0000d8000000000000890000cf00,4,4812,1
3,262,00112233445566778899aabbccddf3c5,15,0,15,00,0,0,00000000000000000000000000000000,7f4ffb041abccce44a21f0beb0f940f5,7f4ffb041abccce44a21f0beb0f940f5,00000000000000000000000000000000,0,0000,0
3,263,00112233445566778899aabbccddf3c6,14,1,14,06,2,1,00060000000000000000000000000000,86c903462a4cfee63ae5a985c9e57396,bdc903462a4cfeea3ae51985c9137396,3b0000000000000c0000b00000f60000,4,8124,2
3,264,00112233445566778899aabbccddf3c7,12,1,12,03,2,1,00000003000000000000000000000000,772702de7cab63ffd16cba0dd30cc182,ae2702de7cab6388d16c1c0dd308c182,d9000000000000770000a60000040000,4,8124,2
3,265,00112233445566778899aabbccddf3c8,9,1,9,11,2,1,00000000000011000000000000000000,6ee7768106ffdf6ad8809a821bcd0310,6ef77681e6ffdf6ad8809a2b1bcd3910,00100000e0000000000000a900003a00,4,4812,1
3,266,00112233445566778899aabbccddf3c9,11,0,11,00,0,0,00000000000000000000000000000000,22d3cb817556469f0cda7d3d389494fe,22d3cb817556469f0cda7d3d389494fe,00000000000000000000000000000000,0,0000,0
3,267,00112233445566778899aabbccddf3ca,10,1,10,88,2,1,00000000008800000000000000000000,a2515704b87f81be2cb67fb30b2cf5af,a2ef5704b07f81be2cb67ff50b2cf4af,00be0000080000000000004600000100,4,4812,1
3,268,00112233445566778899aabbccddf3cb,4,0,4,00,0,0,00000000000000000000000000000000,e51ae97332e7c0b2168479fae34a40cf,e51ae97332e7c0b2168479fae34a40cf,00000000000000000000000000000000,0,0000,0
3,269,00112233445566778899aabbccddf3cc,10,0,10,00,0,0,00000000000000000000000000000000,bc475ee85702eaf605e1e43038d0bcd5,bc475ee85702eaf605e1e43038d0bcd5,00000000000000000000000000000000,0,0000,0
3,270,00112233445566778899aabbccddf3cd,8,1,8,0a,2,1,000000000000000a0000000000000000,be0e0d106461a0392257af779ed4b6ed,be2f0d100061a0392257af299ed411ed,00210000640000000000005e0000a700,4,4812,1
3,271,00112233445566778899aabbccddf3ce,0,1,0,0a,2,1,0000000000000000000000000000000a,c0875c58cdefc3f168e10ee71a726dd8,c0875cd3cdefccf168af0ee756726dd8,0000008b00000f00004e00004c000000,4,1248,3
3,272,00112233445566778899aabbccddf3cf,3,1,3,80,1,1,00000000000000000000000080000000,b176ee84a14f7915779fd9eec191f770,b176ee9da14fe91577f9d9ee6291f770,000000190000900000660000a3000000,4,1248,3
3,273,00112233445566778899aabbccddf3d0,4,0,4,00,0,0,00000000000000000000000000000000,862b8d565e99f779fdfce273da5adb85,862b8d565e99f779fdfce273da5adb85,00000000000000000000000000000000,0,0000,0
3,274,00112233445566778899aabbccddf3d1,10,1,9,02,1,1,00000000000002000000000000000000,dca01e939abb7bacf29286cc4c9b1753,dcae1e93c9bb7bacf29286eb4c9b0553,000e0000530000000000002700001200,4,4812,1
3,275,00112233445566778899aabbccddf3d2,7,0,7,00,0,0,00000000000000000000000000000000,793a52f018702b2031eb25cf8603fba6,793a52f018702b2031eb25cf8603fba6,00000000000000000000000000000000,0,0000,0
3,276,00112233445566778899aabbccddf3d3,14,1,14,06,2,1,00060000000000000000000000000000,5a7ad147670517301d0b5e943cb20c55,767ad147670517481d0b23943c2f0c55,2c0000000000007800007d00009d0000,4,8124,2
3,277,00112233445566778899aabbccddf3d4,3,1,3,c0,2,1,000000000000000000000000c0000000,6768afe7fb9644e44f07a8032446a9ed,6768af75fb9688e44f71a8036946a9ed,000000920000cc00007600004d000000,4,1248,3
3,278,00112233445566778899aabbccddf3d5,8,1,8,04,1,1,00000000000000040000000000000000,62179fbadd7189d20f5d2db30a454f5b,622a9fba127189d20f5d2de30a45495b,003d0000cf0000000000005000000600,4,4812,1
3,279,00112233445566778899aabbccddf3d6,2,1,2,24,2,1,00000000000000000000000000240000,2281627b4c45f705871ebe24caa056d7,228162f54c451c0587fcbe248aa056d7,0000008e0000eb0000e2000040000000,4,1248,3
3,280,00112233445566778899aabbccddf3d7,7,1,5,80,1,1,00000000000000000000800000000000,d4f8aba169511b2d96a885495b18c86b,d4f814a169461b2df2a885495b18c8c5,0000bf000017000064000000000000ae,4,2481,0
3,281,00112233445566778899aabbccddf3d8,2,1,2,01,1,1,00000000000000000000000000010000,13e41cbe200c2f78a2026f369cacfcb5,13e41c13200c1f78a2986f3626acfcb5,000000ad00003000009a0000ba000000,4,1248,3
3,282,00112233445566778899aabbccddf3d9,9,0,9,00,0,0,00000000000000000000000000000000,c8b851efd9aa9382641dbcac1a241c4e,c8b851efd9aa9382641dbcac1a241c4e,00000000000000000000000000000000,0,0000,0
3,283,00112233445566778899aabbccddf3da,5,1,6,01,1,1,00000000000000000001000000000000,d4bce04c3debd3d19edbcbf66047e2b0,d4bc8a4c3df6d3d1a4dbcbf66047e21d,00006a00001d00003a000000000000ad,4,2481,0
3,284,00112233445566778899aabbccddf3db,5,1,5,14,2,1,00000000000000000000140000000000,65cef37aa24f35473d5023b9ce8315ad,65cec47aa2533547f65023b9ce8315d8,00003700001c0000cb00000000000075,4,2481,0
3,285,00112233445566778899aabbccddf3dc,1,1,1,40,1,1,00000000000000000000000000004000,69d3f6698a9c26852e3277c7793a3bfb,69d3f6f68a9cd9852efc77c7763a3bfb,0000009f0000ff0000ce00000f000000,4,1248,3
3,286,00112233445566778899aabbccddf3dd,7,0,7,00,0,0,00000000000000000000000000000000,8e481acaa53cf109e517c70c89ffe6fc,8e481acaa53cf109e517c70c89ffe6fc,00000000000000000000000000000000,0,0000,0
3,287,00112233445566778899aabbccddf3de,12,1,12,11,2,1,00000011000000000000000000000000,18c106fe80eca6fcf138377f974a6e99,30c106fe80eca62df138d67f972f6e99,28000000000000d10000e10000650000,4,8124,2
3,288,00112233445566778899aabbccddf3df,4,1,4,03,2,1,00000000000000000000000300000000,2c5ee13fa917232c731a454b172e5340,2c5e3e3fa9ec232c141a454b172e53ab,0000df0000fb000067000000000000eb,4,2481,0
3,289,00112233445566778899aabbccddf3e0,1,1,1,20,1,1,00000000000000000000000000002000,ba58e64a73255386c39e0af1b5952ab4,ba58e6077325a186c3be0af150952ab4,0000004d0000f20000200000e5000000,4,1248,3
3,290,00112233445566778899aabbccddf3e1,2,1,2,10,1,1,00000000000000000000000000100000,d7d086b0c4b8c71b7b6a04e5d070cd45,d7d0869ec4b8d41b7b8204e5a770cd45,0000002e0000130000e8000077000000,4,1248,3
3,291,00112233445566778899aabbccddf3e2,9,1,9,c0,2,1,000000000000c0000000000000000000,974faf4cd580d5a0aba99e15d85b496d,97eaaf4c3b80d5a0aba99ec9d85b016d,00a50000ee000000000000dc00004800,4,4812,1
3,292,00112233445566778899aabbccddf3e3,2,1,2,12,2,1,00000000000000000000000000120000,8f6de2a7143c986f108814b47af5449a,8f6de2b6143cbb6f10cd14b434f5449a,0000001100002300004500004e000000,4,1248,3
3,293,00112233445566778899aabbccddf3e4,9,1,9,50,2,1,00000000000050000000000000000000,16cdebc5a1f1266108072aa882ad101e,164debc595f1266108072a7282ad4f1e,0080000034000000000000da00005f00,4,4812,1
3,294,00112233445566778899aabbccddf3e5,6,1,6,24,2,1,00000000000000000024000000000000,7a1703c8fcdcca2f0ae097ab6458fe51,7a17fdc8fcf0ca2fb2e097ab6458fed1,0000fe00002c0000b800000000000080,4,2481,0
3,295,00112233445566778899aabbccddf3e6,6,0,6,00,0,0,00000000000000000000000000000000,904fd18739b0e2c617be6750dec7c4f9,904fd18739b0e2c617be6750dec7c4f9,00000000000000000000000000000000,0,0000,0
3,296,00112233445566778899aabbccddf3e7,10,1,10,11,2,1,00000000001100000000000000000000,e1c6f7bc95d7d9f4bc9eea22f26d34e1,e158f7bcebd7d9f4bc9eea64f26d89e1,009e00007e000000000000460000bd00,4,4812,1
3,297,00112233445566778899aabbccddf3e8,8,1,7,02,1,1,00000000000000000200000000000000,574ec67a26301c0defa540718599eed1,574e357a26e51c0d87a540718599ee54,0000f30000d500006800000000000085,4,2481,0
3,298,00112233445566778899aabbccddf3e9,0,1,0,04,1,1,00000000000000000000000000000004,0cca9a603013c218eb7d34c88e081926,0cca9afe30134018ebb634c8f6081926,0000009e0000820000cb000078000000,4,1248,3
3,299,00112233445566778899aabbccddf3ea,13,1,13,11,2,1,00001100000000000000000000000000,442c90a3fd72a18de0433768606d07df,922c90a3fd72a174e0437368600a07df,d6000000000000f90000440000670000,4,8124,2
3,300,00112233445566778899aabbccddf3eb,1,0,1,00,0,0,00000000000000000000000000000000,edcd3cb5c44414c6b70924ccb751324a,edcd3cb5c44414c6b70924ccb751324a,00000000000000000000000000000000,0,0000,0
3,301,00112233445566778899aabbccddf3ec,6,1,6,0a,2,1,0000000000000000000a000000000000,86d85882a75381b378e955b7cdc6b6bb,86d8f682a7db81b375e955b7cdc6b6ee,0000ae00008800000d00000000000055,4,2481,0
3,302,00112233445566778899aabbccddf3ed,3,1,3,01,1,1,00000000000000000000000001000000,7d519b802c1bcb9b42e6f943b5dd551d,7d519bfd2c1b639b4256f943b8dd551d,0000007d0000a80000b000000d000000,4,1248,3
3,303,00112233445566778899aabbccddf3ee,12,1,12,20,1,1,00000020000000000000000000000000,4e335d68e80d88f134deccf5f88ac6e3,c6335d68e80d888534dedef5f87cc6e3,88000000000000740000120000f60000,4,8124,2
3,304,00112233445566778899aabbccddf3ef,14,0,14,00,0,0,00000000000000000000000000000000,ef11f0baec86d899f635e0c1a1b48e80,ef11f0baec86d899f635e0c1a1b48e80,00000000000000000000000000000000,0,0000,0
3,305,00112233445566778899aabbccddf3f0,3,1,3,c0,2,1,000000000000000000000000c0000000,af3de50e4ab2e599cc4fb0fb53a165dc,af3de5a34ab2bb99ccf5b0fb7ea165dc,000000ad00005e0000ba00002d000000,4,1248,3
3,306,00112233445566778899aabbccddf3f1,9,1,9,20,1,1,00000000000020000000000000000000,49b87ea9fe977da8aee0d85d833948f5,49607ea986977da8aee0d8958339b8f5,00d8000078000000000000c80000f000,4,4812,1
3,307,00112233445566778899aabbccddf3f2,15,1,15,60,2,1,60000000000000000000000000000000,e022ca81dc2818af00aa0aab61ffba55,3822ca81dc28186500aaaaab6173ba55,d8000000000000ca0000a000008c0000,4,8124,2
3,308,00112233445566778899aabbccddf3f3,9,1,9,08,1,1,00000000000008000000000000000000,173b8e5b544a334cc3484b2e6a52e0e0,17a58e5b364a334cc3484b9c6a52d0e0,009e000062000000000000b200003000,4,4812,1
3,309,00112233445566778899aabbccddf3f4,12,1,12,80,1,1,00000080000000000000000000000000,cf55474cb494a258c2817ed85e3389e5,6355474cb494a25fc2819bd85ead89e5,ac000000000000070000e500009e0000,4,8124,2
3,310,00112233445566778899aabbccddf3f5,11,1,11,50,2,1,00000000500000000000000000000000,ef20cfe633c6e08397adca5ed3d4884f,efa8cfe644c6e08397adca6ed3d4cc4f,00880000770000000000003000004400,4,4812,1
3,311,00112233445566778899aabbccddf3f6,7,1,7,03,2,1,00000000000000000300000000000000,d086a6663e62b78ba8b0dcad87158305,d086ee663ee3b78bdbb0dcad87158334,00004800008100007300000000000031,4,2481,0
3,312,00112233445566778899aabbccddf3f7,0,1,0,80,1,1,00000000000000000000000000000080,b6d55814848a729e94d20baaa49fbb04,b6d55853848aa69e94590baae09fbb04,000000470000d400008b000044000000,4,1248,3
3,313,00112233445566778899aabbccddf3f8,4,1,4,50,2,1,00000000000000000000005000000000,e1ef682a8c89cdd50a9fd14fbe34100b,e1efb32a8c50cdd5b19fd14fbe3410ca,0000db0000d90000bb000000000000c1,4,2481,0
3,314,00112233445566778899aabbccddf3f9,7,1,7,24,2,1,00000000000000002400000000000000,e139de04a76d1dc07b724064dfda26fe,e1392d04a7a31dc033724064dfda2685,0000f30000ce0000480000000000007b,4,2481,0
3,315,00112233445566778899aabbccddf3fa,9,0,9,00,0,0,00000000000000000000000000000000,958629d43bf673e7cfa7a17697e84223,958629d43bf673e7cfa7a17697e84223,00000000000000000000000000000000,0,0000,0
3,316,00112233445566778899aabbccddf3fb,1,0,1,00,0,0,00000000000000000000000000000000,c37437853c4aa2ff998ebb6b97f4ed9b,c37437853c4aa2ff998ebb6b97f4ed9b,00000000000000000000000000000000,0,0000,0
3,317,00112233445566778899aabbccddf3fc,2,0,2,00,0,0,00000000000000000000000000000000,8406971c80edb66469c9982cbbad1d7d,8406971c80edb66469c9982cbbad1d7d,00000000000000000000000000000000,0,0000,0
3,318,00112233445566778899aabbccddf3fd,1,1,1,0a,2,1,00000000000000000000000000000a00,ab77bd89ec971f4c3049f8554ec0411c,ab77bd0bec976b4c30bdf8555fc0411c,000000820000740000f4000011000000,4,1248,3
3,319,00112233445566778899aabbccddf3fe,1,1,1,60,2,1,00000000000000000000000000006000,b3c7996131c8a45d1fc8bfb7f22a6589,b3c799e831c8f45d1f7bbfb7382a6589,000000890000500000b30000ca000000,4,1248,3
